transaction_id,date,account_type,amount,transaction_type,branch,is_true_anomaly,merchant,category,customer_id,payment_method,location
1,2024-04-12,ZfCsWNBscls,1680519.1261552488,yIo,myO,0,myO,yIo,3842,ZfCsWNBscls,myO
2,2024-12-14,ZfCsWNBscls,1338455.1032962508,yIo,MBzDq,0,MBzDq,yIo,3229,ZfCsWNBscls,MBzDq
3,2024-09-27,yLfxDL,2821007.5800681845,yIo,myO,0,myO,yIo,4009,yLfxDL,myO
4,2024-04-16,ZfCsWNBscls,2504908.544671317,yIo,SWYTGGPKKLR,0,SWYTGGPKKLR,yIo,8984,ZfCsWNBscls,SWYTGGPKKLR
5,2024-03-12,inUMsiJ,1655924.827411138,NDhwkGsiA,GRwxQfJQTKBL,0,GRwxQfJQTKBL,NDhwkGsiA,3077,inUMsiJ,GRwxQfJQTKBL
6,2024-07-07,ZfCsWNBscls,3126217.9026721544,NDhwkGsiA,GRwxQfJQTKBL,0,GRwxQfJQTKBL,NDhwkGsiA,8845,ZfCsWNBscls,GRwxQfJQTKBL
7,2024-01-21,yLfxDL,2490882.7434957973,NDhwkGsiA,GRwxQfJQTKBL,0,GRwxQfJQTKBL,NDhwkGsiA,4867,yLfxDL,GRwxQfJQTKBL
8,2024-04-12,ZfCsWNBscls,1837584.3082456887,yIo,myO,0,myO,yIo,5873,ZfCsWNBscls,myO
9,2024-05-01,inUMsiJ,750297.1425632134,yIo,myO,0,myO,yIo,9635,inUMsiJ,myO
10,2024-08-02,tpEt,3145471.286295371,yIo,CBY,0,CBY,yIo,1297,tpEt,CBY
11,2024-11-26,yLfxDL,1305213.766618202,yIo,CBY,0,CBY,yIo,6856,yLfxDL,CBY
12,2024-03-28,tpEt,1177300.626521554,NDhwkGsiA,GRwxQfJQTKBL,0,GRwxQfJQTKBL,NDhwkGsiA,2015,tpEt,GRwxQfJQTKBL
13,2024-04-09,tpEt,2511285.21600482,NDhwkGsiA,SWYTGGPKKLR,0,SWYTGGPKKLR,NDhwkGsiA,2384,tpEt,SWYTGGPKKLR
14,2024-12-25,tpEt,3219876.2031696364,yIo,CBY,0,CBY,yIo,9745,tpEt,CBY
15,2024-05-31,JMD,2692136.409255259,yIo,CBY,0,CBY,yIo,3350,JMD,CBY
16,2024-05-10,JMD,2281954.56002618,yIo,myO,0,myO,yIo,2269,JMD,myO
17,2024-05-29,tpEt,2297377.170832643,NDhwkGsiA,SWYTGGPKKLR,0,SWYTGGPKKLR,NDhwkGsiA,2260,tpEt,SWYTGGPKKLR
18,2024-11-04,yLfxDL,2426707.779390154,NDhwkGsiA,GRwxQfJQTKBL,0,GRwxQfJQTKBL,NDhwkGsiA,8701,yLfxDL,GRwxQfJQTKBL
19,2024-09-14,inUMsiJ,2379464.2948933826,NDhwkGsiA,CBY,0,CBY,NDhwkGsiA,9376,inUMsiJ,CBY
20,2024-12-09,inUMsiJ,2140595.711984688,yIo,SWYTGGPKKLR,0,SWYTGGPKKLR,yIo,5563,inUMsiJ,SWYTGGPKKLR
21,2024-10-20,ZfCsWNBscls,2052100.551975938,yIo,SWYTGGPKKLR,0,SWYTGGPKKLR,yIo,7897,ZfCsWNBscls,SWYTGGPKKLR
22,2024-07-10,yLfxDL,1968703.4360502388,NDhwkGsiA,GRwxQfJQTKBL,0,GRwxQfJQTKBL,NDhwkGsiA,6672,yLfxDL,GRwxQfJQTKBL
23,2024-10-03,JMD,1623017.705566662,yIo,SWYTGGPKKLR,0,SWYTGGPKKLR,yIo,6593,JMD,SWYTGGPKKLR
24,2024-06-09,tpEt,1859662.461566613,NDhwkGsiA,SWYTGGPKKLR,0,SWYTGGPKKLR,NDhwkGsiA,7155,tpEt,SWYTGGPKKLR
25,2024-11-09,ZfCsWNBscls,1153521.5929023074,yIo,SWYTGGPKKLR,0,SWYTGGPKKLR,yIo,6543,ZfCsWNBscls,SWYTGGPKKLR
26,2024-01-22,inUMsiJ,1950830.186602625,NDhwkGsiA,CBY,0,CBY,NDhwkGsiA,8240,inUMsiJ,CBY
27,2024-09-09,JMD,1505704.4464245413,yIo,GRwxQfJQTKBL,0,GRwxQfJQTKBL,yIo,5683,JMD,GRwxQfJQTKBL
28,2024-08-23,JMD,1448205.3413921145,NDhwkGsiA,SWYTGGPKKLR,0,SWYTGGPKKLR,NDhwkGsiA,2881,JMD,SWYTGGPKKLR
29,2024-12-10,tpEt,2089947.0755767392,NDhwkGsiA,SWYTGGPKKLR,0,SWYTGGPKKLR,NDhwkGsiA,9713,tpEt,SWYTGGPKKLR
30,2024-02-18,inUMsiJ,2696001.1431722995,NDhwkGsiA,CBY,0,CBY,NDhwkGsiA,4809,inUMsiJ,CBY
31,2024-02-28,yLfxDL,2459158.3030011565,NDhwkGsiA,GRwxQfJQTKBL,0,GRwxQfJQTKBL,NDhwkGsiA,6807,yLfxDL,GRwxQfJQTKBL
32,2024-06-18,JMD,1214749.6981884115,NDhwkGsiA,myO,0,myO,NDhwkGsiA,5883,JMD,myO
33,2024-07-06,tpEt,1505185.9317148312,NDhwkGsiA,CBY,0,CBY,NDhwkGsiA,8206,tpEt,CBY
34,2024-09-27,yLfxDL,2470385.593994108,yIo,GRwxQfJQTKBL,0,GRwxQfJQTKBL,yIo,5155,yLfxDL,GRwxQfJQTKBL
35,2024-07-08,inUMsiJ,1508756.3032308451,yIo,SWYTGGPKKLR,0,SWYTGGPKKLR,yIo,5673,inUMsiJ,SWYTGGPKKLR
36,2024-06-23,JMD,1887683.4250014876,yIo,GRwxQfJQTKBL,0,GRwxQfJQTKBL,yIo,2409,JMD,GRwxQfJQTKBL
37,2024-02-20,yLfxDL,2275026.049512276,NDhwkGsiA,GRwxQfJQTKBL,0,GRwxQfJQTKBL,NDhwkGsiA,6197,yLfxDL,GRwxQfJQTKBL
38,2024-12-29,yLfxDL,1515827.7725681823,NDhwkGsiA,GRwxQfJQTKBL,0,GRwxQfJQTKBL,NDhwkGsiA,8452,yLfxDL,GRwxQfJQTKBL
39,2024-02-24,yLfxDL,2052687.7530729799,yIo,myO,0,myO,yIo,9718,yLfxDL,myO
40,2024-08-31,JMD,1332987.2525408978,NDhwkGsiA,GRwxQfJQTKBL,0,GRwxQfJQTKBL,NDhwkGsiA,3172,JMD,GRwxQfJQTKBL
41,2024-11-15,JMD,1699316.178024393,NDhwkGsiA,myO,0,myO,NDhwkGsiA,1279,JMD,myO
42,2024-05-10,ZfCsWNBscls,2159890.9670712687,NDhwkGsiA,SWYTGGPKKLR,0,SWYTGGPKKLR,NDhwkGsiA,4977,ZfCsWNBscls,SWYTGGPKKLR
43,2024-11-02,inUMsiJ,1203503.1332341654,NDhwkGsiA,myO,0,myO,NDhwkGsiA,3669,inUMsiJ,myO
44,2024-05-14,tpEt,2220237.3689801996,NDhwkGsiA,SWYTGGPKKLR,0,SWYTGGPKKLR,NDhwkGsiA,8825,tpEt,SWYTGGPKKLR
45,2024-01-21,yLfxDL,1990181.1005366594,yIo,SWYTGGPKKLR,0,SWYTGGPKKLR,yIo,4981,yLfxDL,SWYTGGPKKLR
46,2024-11-24,ZfCsWNBscls,2276244.977208574,yIo,myO,0,myO,yIo,5769,ZfCsWNBscls,myO
47,2024-06-15,tpEt,2111957.0670323307,yIo,CBY,0,CBY,yIo,6247,tpEt,CBY
48,2024-09-30,ZfCsWNBscls,2682070.214986922,yIo,MBzDq,0,MBzDq,yIo,5427,ZfCsWNBscls,MBzDq
49,2024-03-29,JMD,2062612.2513239537,yIo,GRwxQfJQTKBL,0,GRwxQfJQTKBL,yIo,7135,JMD,GRwxQfJQTKBL
50,2024-11-11,yLfxDL,1785297.2294373736,NDhwkGsiA,MBzDq,0,MBzDq,NDhwkGsiA,6573,yLfxDL,MBzDq
51,2024-01-14,tpEt,2061148.751516142,NDhwkGsiA,GRwxQfJQTKBL,0,GRwxQfJQTKBL,NDhwkGsiA,5131,tpEt,GRwxQfJQTKBL
52,2024-08-29,tpEt,2271649.014518194,NDhwkGsiA,GRwxQfJQTKBL,0,GRwxQfJQTKBL,NDhwkGsiA,8189,tpEt,GRwxQfJQTKBL
53,2024-09-21,tpEt,2024430.0351628521,NDhwkGsiA,SWYTGGPKKLR,0,SWYTGGPKKLR,NDhwkGsiA,5535,tpEt,SWYTGGPKKLR
54,2024-12-11,tpEt,2020295.8456019412,yIo,GRwxQfJQTKBL,0,GRwxQfJQTKBL,yIo,3776,tpEt,GRwxQfJQTKBL
55,2024-02-22,tpEt,1649004.1560966223,yIo,GRwxQfJQTKBL,0,GRwxQfJQTKBL,yIo,8697,tpEt,GRwxQfJQTKBL
56,2024-12-05,ZfCsWNBscls,1668549.541224526,yIo,myO,0,myO,yIo,9386,ZfCsWNBscls,myO
57,2024-04-01,yLfxDL,1298697.364100153,NDhwkGsiA,MBzDq,0,MBzDq,NDhwkGsiA,1662,yLfxDL,MBzDq
58,2024-09-20,JMD,2874788.3715934698,yIo,myO,0,myO,yIo,9671,JMD,myO
59,2024-02-04,JMD,1378068.3823043574,NDhwkGsiA,GRwxQfJQTKBL,0,GRwxQfJQTKBL,NDhwkGsiA,9044,JMD,GRwxQfJQTKBL
60,2024-07-24,JMD,1653547.4011020465,yIo,SWYTGGPKKLR,0,SWYTGGPKKLR,yIo,5218,JMD,SWYTGGPKKLR
61,2024-03-21,JMD,1640796.3672154013,yIo,myO,0,myO,yIo,6060,JMD,myO
62,2024-02-19,ZfCsWNBscls,2447462.1884722207,NDhwkGsiA,myO,0,myO,NDhwkGsiA,6874,ZfCsWNBscls,myO
63,2024-12-25,inUMsiJ,1852525.1608539862,NDhwkGsiA,CBY,0,CBY,NDhwkGsiA,6581,inUMsiJ,CBY
64,2024-01-02,yLfxDL,2623871.036336867,yIo,GRwxQfJQTKBL,0,GRwxQfJQTKBL,yIo,3014,yLfxDL,GRwxQfJQTKBL
65,2024-02-23,tpEt,1663254.6878780657,yIo,SWYTGGPKKLR,0,SWYTGGPKKLR,yIo,4789,tpEt,SWYTGGPKKLR
66,2024-04-15,inUMsiJ,2139497.081111901,NDhwkGsiA,myO,0,myO,NDhwkGsiA,8148,inUMsiJ,myO
67,2024-09-16,JMD,1582326.4733701213,yIo,myO,0,myO,yIo,8766,JMD,myO
68,2024-11-05,inUMsiJ,3072574.563886694,yIo,SWYTGGPKKLR,0,SWYTGGPKKLR,yIo,3364,inUMsiJ,SWYTGGPKKLR
69,2024-07-09,yLfxDL,1406200.7904852435,NDhwkGsiA,GRwxQfJQTKBL,0,GRwxQfJQTKBL,NDhwkGsiA,4629,yLfxDL,GRwxQfJQTKBL
70,2024-08-05,tpEt,2154910.355113514,yIo,CBY,0,CBY,yIo,6919,tpEt,CBY
71,2024-02-13,tpEt,2316888.440466049,NDhwkGsiA,myO,0,myO,NDhwkGsiA,6675,tpEt,myO
72,2024-06-10,yLfxDL,2206899.548725749,yIo,CBY,0,CBY,yIo,9872,yLfxDL,CBY
73,2024-07-20,yLfxDL,1907356.1705611458,NDhwkGsiA,MBzDq,0,MBzDq,NDhwkGsiA,7638,yLfxDL,MBzDq
74,2024-09-26,JMD,1935089.6501332868,yIo,GRwxQfJQTKBL,0,GRwxQfJQTKBL,yIo,5651,JMD,GRwxQfJQTKBL
75,2024-12-16,tpEt,2021905.7359895548,NDhwkGsiA,MBzDq,0,MBzDq,NDhwkGsiA,1609,tpEt,MBzDq
76,2024-10-30,inUMsiJ,1926498.9991857556,yIo,MBzDq,0,MBzDq,yIo,8940,inUMsiJ,MBzDq
77,2024-09-27,ZfCsWNBscls,2481939.5583974547,NDhwkGsiA,MBzDq,0,MBzDq,NDhwkGsiA,4866,ZfCsWNBscls,MBzDq
78,2024-08-02,ZfCsWNBscls,3105261.5007956754,yIo,GRwxQfJQTKBL,0,GRwxQfJQTKBL,yIo,1371,ZfCsWNBscls,GRwxQfJQTKBL
79,2024-09-08,yLfxDL,1721254.1074960832,yIo,GRwxQfJQTKBL,0,GRwxQfJQTKBL,yIo,7998,yLfxDL,GRwxQfJQTKBL
80,2024-07-08,JMD,1315098.510210461,yIo,SWYTGGPKKLR,0,SWYTGGPKKLR,yIo,1615,JMD,SWYTGGPKKLR
81,2024-10-22,ZfCsWNBscls,1955858.9758243726,yIo,CBY,0,CBY,yIo,7911,ZfCsWNBscls,CBY
82,2024-07-31,tpEt,3289854.6688271593,yIo,CBY,0,CBY,yIo,7010,tpEt,CBY
83,2024-07-26,yLfxDL,1598162.7160151345,yIo,SWYTGGPKKLR,0,SWYTGGPKKLR,yIo,3253,yLfxDL,SWYTGGPKKLR
84,2024-08-24,inUMsiJ,2819558.4027220337,yIo,SWYTGGPKKLR,0,SWYTGGPKKLR,yIo,5942,inUMsiJ,SWYTGGPKKLR
85,2024-12-03,yLfxDL,2838850.40703822,yIo,MBzDq,0,MBzDq,yIo,1864,yLfxDL,MBzDq
86,2024-02-22,inUMsiJ,1723205.8791460027,yIo,SWYTGGPKKLR,0,SWYTGGPKKLR,yIo,2268,inUMsiJ,SWYTGGPKKLR
87,2024-10-06,yLfxDL,2284491.5395926377,NDhwkGsiA,myO,0,myO,NDhwkGsiA,8454,yLfxDL,myO
88,2024-08-04,yLfxDL,2814198.311564269,NDhwkGsiA,CBY,0,CBY,NDhwkGsiA,9976,yLfxDL,CBY
89,2024-09-08,yLfxDL,1810436.1295062564,yIo,SWYTGGPKKLR,0,SWYTGGPKKLR,yIo,5571,yLfxDL,SWYTGGPKKLR
90,2024-07-06,inUMsiJ,1898209.819948819,NDhwkGsiA,myO,0,myO,NDhwkGsiA,6229,inUMsiJ,myO
91,2024-02-10,inUMsiJ,1709159.543025678,yIo,myO,0,myO,yIo,3237,inUMsiJ,myO
92,2024-06-05,yLfxDL,1492621.6346535666,yIo,myO,0,myO,yIo,5054,yLfxDL,myO
93,2024-01-15,ZfCsWNBscls,1675361.2274669965,NDhwkGsiA,myO,0,myO,NDhwkGsiA,1935,ZfCsWNBscls,myO
94,2024-10-27,JMD,1388029.8666188717,yIo,MBzDq,0,MBzDq,yIo,7394,JMD,MBzDq
95,2024-03-05,JMD,2017041.734129613,yIo,myO,0,myO,yIo,8891,JMD,myO
96,2024-12-10,JMD,1615013.384470679,NDhwkGsiA,MBzDq,0,MBzDq,NDhwkGsiA,1325,JMD,MBzDq
97,2024-11-22,inUMsiJ,2116892.955895374,NDhwkGsiA,MBzDq,0,MBzDq,NDhwkGsiA,8774,inUMsiJ,MBzDq
98,2024-01-09,inUMsiJ,1222052.1768981863,yIo,myO,0,myO,yIo,4861,inUMsiJ,myO
99,2024-12-09,ZfCsWNBscls,2165440.1161072287,NDhwkGsiA,CBY,0,CBY,NDhwkGsiA,2985,ZfCsWNBscls,CBY
100,2024-05-08,JMD,2416764.4808044625,NDhwkGsiA,myO,0,myO,NDhwkGsiA,5932,JMD,myO
101,2024-05-15,JMD,1003132.1787142723,yIo,myO,0,myO,yIo,5603,JMD,myO
102,2024-03-03,yLfxDL,2187028.2849237863,NDhwkGsiA,myO,0,myO,NDhwkGsiA,3778,yLfxDL,myO
103,2024-05-18,inUMsiJ,2613834.496236646,NDhwkGsiA,CBY,0,CBY,NDhwkGsiA,9832,inUMsiJ,CBY
104,2024-03-21,JMD,1395179.4906543973,yIo,GRwxQfJQTKBL,0,GRwxQfJQTKBL,yIo,8754,JMD,GRwxQfJQTKBL
105,2024-06-11,ZfCsWNBscls,2836286.1934188516,NDhwkGsiA,GRwxQfJQTKBL,0,GRwxQfJQTKBL,NDhwkGsiA,5078,ZfCsWNBscls,GRwxQfJQTKBL
106,2024-10-15,ZfCsWNBscls,2209509.5046830224,NDhwkGsiA,MBzDq,0,MBzDq,NDhwkGsiA,2367,ZfCsWNBscls,MBzDq
107,2024-09-17,JMD,1647494.0721207955,yIo,MBzDq,0,MBzDq,yIo,5042,JMD,MBzDq
108,2024-08-18,inUMsiJ,1972115.461171147,yIo,CBY,0,CBY,yIo,3575,inUMsiJ,CBY
109,2024-02-10,ZfCsWNBscls,2279163.4562608614,yIo,SWYTGGPKKLR,0,SWYTGGPKKLR,yIo,7754,ZfCsWNBscls,SWYTGGPKKLR
110,2024-01-28,yLfxDL,2038002.6957062057,NDhwkGsiA,GRwxQfJQTKBL,0,GRwxQfJQTKBL,NDhwkGsiA,2581,yLfxDL,GRwxQfJQTKBL
111,2024-05-14,ZfCsWNBscls,2269377.9962231847,yIo,MBzDq,0,MBzDq,yIo,2986,ZfCsWNBscls,MBzDq
112,2024-07-19,tpEt,1539663.2034603169,yIo,GRwxQfJQTKBL,0,GRwxQfJQTKBL,yIo,3240,tpEt,GRwxQfJQTKBL
113,2024-11-23,tpEt,2084680.412018039,NDhwkGsiA,CBY,0,CBY,NDhwkGsiA,4966,tpEt,CBY
114,2024-09-24,inUMsiJ,1293142.7515475098,yIo,CBY,0,CBY,yIo,8604,inUMsiJ,CBY
115,2024-02-02,JMD,1944386.9693256498,yIo,SWYTGGPKKLR,0,SWYTGGPKKLR,yIo,9320,JMD,SWYTGGPKKLR
116,2024-02-17,inUMsiJ,1548046.179267605,yIo,SWYTGGPKKLR,0,SWYTGGPKKLR,yIo,6968,inUMsiJ,SWYTGGPKKLR
117,2024-03-02,inUMsiJ,1632235.0287051168,yIo,CBY,0,CBY,yIo,8493,inUMsiJ,CBY
118,2024-08-03,inUMsiJ,2618046.5876052184,NDhwkGsiA,MBzDq,0,MBzDq,NDhwkGsiA,5103,inUMsiJ,MBzDq
119,2024-10-19,inUMsiJ,2545655.0602971343,yIo,GRwxQfJQTKBL,0,GRwxQfJQTKBL,yIo,3076,inUMsiJ,GRwxQfJQTKBL
120,2024-04-08,yLfxDL,2304569.0604535886,yIo,myO,0,myO,yIo,6231,yLfxDL,myO
121,2024-06-20,yLfxDL,1453843.6176637104,NDhwkGsiA,SWYTGGPKKLR,0,SWYTGGPKKLR,NDhwkGsiA,3994,yLfxDL,SWYTGGPKKLR
122,2024-12-25,ZfCsWNBscls,1841795.775152599,yIo,myO,0,myO,yIo,4744,ZfCsWNBscls,myO
123,2024-08-01,tpEt,2606548.8499895916,NDhwkGsiA,MBzDq,0,MBzDq,NDhwkGsiA,6594,tpEt,MBzDq
124,2024-02-04,inUMsiJ,2070858.4568199525,NDhwkGsiA,SWYTGGPKKLR,0,SWYTGGPKKLR,NDhwkGsiA,8531,inUMsiJ,SWYTGGPKKLR
125,2024-08-14,ZfCsWNBscls,3159664.7699908474,NDhwkGsiA,myO,0,myO,NDhwkGsiA,8371,ZfCsWNBscls,myO
126,2024-04-10,tpEt,2196658.919697186,yIo,MBzDq,0,MBzDq,yIo,2644,tpEt,MBzDq
127,2024-05-10,JMD,2096024.5582450158,NDhwkGsiA,GRwxQfJQTKBL,0,GRwxQfJQTKBL,NDhwkGsiA,4144,JMD,GRwxQfJQTKBL
128,2024-09-13,yLfxDL,1845441.7678987493,NDhwkGsiA,MBzDq,0,MBzDq,NDhwkGsiA,1242,yLfxDL,MBzDq
129,2024-01-05,tpEt,2066770.452391141,NDhwkGsiA,SWYTGGPKKLR,0,SWYTGGPKKLR,NDhwkGsiA,5085,tpEt,SWYTGGPKKLR
130,2024-08-05,JMD,1923765.081809728,yIo,CBY,0,CBY,yIo,8954,JMD,CBY
131,2024-09-11,tpEt,2354054.338344295,yIo,GRwxQfJQTKBL,0,GRwxQfJQTKBL,yIo,8269,tpEt,GRwxQfJQTKBL
132,2024-12-24,yLfxDL,2478351.158397292,yIo,myO,0,myO,yIo,8130,yLfxDL,myO
133,2024-10-09,yLfxDL,1607005.2697460253,yIo,SWYTGGPKKLR,0,SWYTGGPKKLR,yIo,7828,yLfxDL,SWYTGGPKKLR
134,2024-07-25,ZfCsWNBscls,1334383.523221111,yIo,CBY,0,CBY,yIo,9362,ZfCsWNBscls,CBY
135,2024-01-15,inUMsiJ,1081897.3134483518,yIo,MBzDq,0,MBzDq,yIo,9844,inUMsiJ,MBzDq
136,2024-12-11,tpEt,2253995.663456272,yIo,CBY,0,CBY,yIo,7331,tpEt,CBY
137,2024-02-11,tpEt,1448316.696913063,NDhwkGsiA,SWYTGGPKKLR,0,SWYTGGPKKLR,NDhwkGsiA,4512,tpEt,SWYTGGPKKLR
138,2024-06-27,JMD,923554.7035237586,NDhwkGsiA,SWYTGGPKKLR,0,SWYTGGPKKLR,NDhwkGsiA,2499,JMD,SWYTGGPKKLR
139,2024-03-03,yLfxDL,2194289.302265482,NDhwkGsiA,CBY,0,CBY,NDhwkGsiA,3158,yLfxDL,CBY
140,2024-12-17,tpEt,3246499.758716395,NDhwkGsiA,MBzDq,0,MBzDq,NDhwkGsiA,6162,tpEt,MBzDq
141,2024-08-18,yLfxDL,1996964.5442300534,yIo,CBY,0,CBY,yIo,5039,yLfxDL,CBY
142,2024-08-28,tpEt,2419245.3872258207,NDhwkGsiA,SWYTGGPKKLR,0,SWYTGGPKKLR,NDhwkGsiA,3035,tpEt,SWYTGGPKKLR
143,2024-02-21,ZfCsWNBscls,2040914.6792737825,NDhwkGsiA,SWYTGGPKKLR,0,SWYTGGPKKLR,NDhwkGsiA,8977,ZfCsWNBscls,SWYTGGPKKLR
144,2024-04-05,inUMsiJ,1950555.1734044286,NDhwkGsiA,myO,0,myO,NDhwkGsiA,1857,inUMsiJ,myO
145,2024-08-09,tpEt,2459538.2414938845,NDhwkGsiA,myO,0,myO,NDhwkGsiA,4823,tpEt,myO
146,2024-08-18,yLfxDL,1854862.7279056744,yIo,GRwxQfJQTKBL,0,GRwxQfJQTKBL,yIo,7770,yLfxDL,GRwxQfJQTKBL
147,2024-08-24,ZfCsWNBscls,2133696.1570359515,yIo,SWYTGGPKKLR,0,SWYTGGPKKLR,yIo,1298,ZfCsWNBscls,SWYTGGPKKLR
148,2024-05-22,tpEt,2160848.9030980067,yIo,myO,0,myO,yIo,8244,tpEt,myO
149,2024-06-19,JMD,1665954.7731784757,NDhwkGsiA,CBY,0,CBY,NDhwkGsiA,1923,JMD,CBY
150,2024-01-29,inUMsiJ,2496021.1747682616,yIo,MBzDq,0,MBzDq,yIo,5232,inUMsiJ,MBzDq
151,2024-02-05,tpEt,1912520.1216522956,NDhwkGsiA,CBY,0,CBY,NDhwkGsiA,5306,tpEt,CBY
152,2024-01-13,ZfCsWNBscls,1622127.4202535776,yIo,MBzDq,0,MBzDq,yIo,3799,ZfCsWNBscls,MBzDq
153,2024-06-08,JMD,2268254.921785202,yIo,myO,0,myO,yIo,7578,JMD,myO
154,2024-11-22,ZfCsWNBscls,1550766.0091044814,yIo,GRwxQfJQTKBL,0,GRwxQfJQTKBL,yIo,5875,ZfCsWNBscls,GRwxQfJQTKBL
155,2024-07-05,ZfCsWNBscls,2014090.5786845642,yIo,CBY,0,CBY,yIo,6326,ZfCsWNBscls,CBY
156,2024-08-30,JMD,1995440.5016778982,yIo,CBY,0,CBY,yIo,7582,JMD,CBY
157,2024-03-26,ZfCsWNBscls,2542947.782915789,NDhwkGsiA,CBY,0,CBY,NDhwkGsiA,2802,ZfCsWNBscls,CBY
158,2024-10-10,JMD,2237349.1164399763,yIo,MBzDq,0,MBzDq,yIo,3657,JMD,MBzDq
159,2024-03-06,tpEt,1987486.520627428,NDhwkGsiA,myO,0,myO,NDhwkGsiA,4346,tpEt,myO
160,2024-06-18,JMD,2408883.1496001435,NDhwkGsiA,CBY,0,CBY,NDhwkGsiA,3949,JMD,CBY
161,2024-02-14,JMD,2695103.774508657,NDhwkGsiA,CBY,0,CBY,NDhwkGsiA,1941,JMD,CBY
162,2024-03-02,inUMsiJ,2278905.153175931,NDhwkGsiA,GRwxQfJQTKBL,0,GRwxQfJQTKBL,NDhwkGsiA,2907,inUMsiJ,GRwxQfJQTKBL
163,2024-05-13,JMD,2005176.3099216903,NDhwkGsiA,GRwxQfJQTKBL,0,GRwxQfJQTKBL,NDhwkGsiA,5837,JMD,GRwxQfJQTKBL
164,2024-10-10,JMD,1344081.8838249203,yIo,myO,0,myO,yIo,9105,JMD,myO
165,2024-01-28,tpEt,1467443.1684623137,yIo,myO,0,myO,yIo,2243,tpEt,myO
166,2024-04-17,inUMsiJ,1847387.6478226662,yIo,SWYTGGPKKLR,0,SWYTGGPKKLR,yIo,6696,inUMsiJ,SWYTGGPKKLR
167,2024-02-13,yLfxDL,1695243.8989203584,yIo,GRwxQfJQTKBL,0,GRwxQfJQTKBL,yIo,2466,yLfxDL,GRwxQfJQTKBL
168,2024-12-05,tpEt,1906514.348507277,NDhwkGsiA,SWYTGGPKKLR,0,SWYTGGPKKLR,NDhwkGsiA,4957,tpEt,SWYTGGPKKLR
169,2024-10-12,tpEt,2028324.9624485536,yIo,MBzDq,0,MBzDq,yIo,2966,tpEt,MBzDq
170,2024-11-26,yLfxDL,2264846.3771783654,yIo,SWYTGGPKKLR,0,SWYTGGPKKLR,yIo,1375,yLfxDL,SWYTGGPKKLR
171,2024-05-07,JMD,1964750.6109704543,NDhwkGsiA,CBY,0,CBY,NDhwkGsiA,1262,JMD,CBY
172,2024-12-13,ZfCsWNBscls,2243250.821913101,NDhwkGsiA,SWYTGGPKKLR,0,SWYTGGPKKLR,NDhwkGsiA,5362,ZfCsWNBscls,SWYTGGPKKLR
173,2024-08-18,inUMsiJ,2032237.20740506,yIo,myO,0,myO,yIo,7502,inUMsiJ,myO
174,2024-07-08,ZfCsWNBscls,1012266.7168230644,yIo,MBzDq,0,MBzDq,yIo,8833,ZfCsWNBscls,MBzDq
175,2024-08-12,yLfxDL,3010848.6670307815,NDhwkGsiA,CBY,1,CBY,NDhwkGsiA,2893,yLfxDL,CBY
176,2024-10-09,tpEt,1927956.2221391923,yIo,SWYTGGPKKLR,0,SWYTGGPKKLR,yIo,9106,tpEt,SWYTGGPKKLR
177,2024-04-30,tpEt,1395152.628579446,yIo,MBzDq,0,MBzDq,yIo,2652,tpEt,MBzDq
178,2024-04-25,inUMsiJ,2299964.364998102,yIo,MBzDq,0,MBzDq,yIo,6540,inUMsiJ,MBzDq
179,2024-08-20,tpEt,2765375.416171849,yIo,CBY,0,CBY,yIo,4892,tpEt,CBY
180,2024-09-15,tpEt,2609380.925848658,NDhwkGsiA,SWYTGGPKKLR,0,SWYTGGPKKLR,NDhwkGsiA,1599,tpEt,SWYTGGPKKLR
181,2024-12-24,inUMsiJ,1893278.564534896,NDhwkGsiA,MBzDq,0,MBzDq,NDhwkGsiA,5815,inUMsiJ,MBzDq
182,2024-07-16,inUMsiJ,2745363.068424976,NDhwkGsiA,MBzDq,0,MBzDq,NDhwkGsiA,2912,inUMsiJ,MBzDq
183,2024-05-16,yLfxDL,2074333.7286010557,yIo,GRwxQfJQTKBL,0,GRwxQfJQTKBL,yIo,9792,yLfxDL,GRwxQfJQTKBL
184,2024-11-13,tpEt,1831457.0144409803,yIo,MBzDq,0,MBzDq,yIo,9572,tpEt,MBzDq
185,2024-06-13,tpEt,1693298.66822953,yIo,GRwxQfJQTKBL,0,GRwxQfJQTKBL,yIo,5213,tpEt,GRwxQfJQTKBL
186,2024-08-12,yLfxDL,1848765.1567559359,yIo,SWYTGGPKKLR,0,SWYTGGPKKLR,yIo,4637,yLfxDL,SWYTGGPKKLR
187,2024-11-02,JMD,1805911.5907293856,yIo,SWYTGGPKKLR,0,SWYTGGPKKLR,yIo,6599,JMD,SWYTGGPKKLR
188,2024-08-21,JMD,2085208.111187744,NDhwkGsiA,SWYTGGPKKLR,0,SWYTGGPKKLR,NDhwkGsiA,7448,JMD,SWYTGGPKKLR
189,2024-06-20,JMD,2080286.9905249323,yIo,myO,0,myO,yIo,9557,JMD,myO
190,2024-05-31,yLfxDL,2001523.0100767072,yIo,SWYTGGPKKLR,0,SWYTGGPKKLR,yIo,8382,yLfxDL,SWYTGGPKKLR
191,2024-11-10,tpEt,2218469.084873175,NDhwkGsiA,MBzDq,0,MBzDq,NDhwkGsiA,9982,tpEt,MBzDq
192,2024-06-08,yLfxDL,2595323.1373931705,yIo,CBY,0,CBY,yIo,4569,yLfxDL,CBY
193,2024-04-05,yLfxDL,2474777.067720662,NDhwkGsiA,GRwxQfJQTKBL,0,GRwxQfJQTKBL,NDhwkGsiA,8707,yLfxDL,GRwxQfJQTKBL
194,2024-08-20,JMD,1257551.0157750482,NDhwkGsiA,myO,0,myO,NDhwkGsiA,1746,JMD,myO
195,2024-06-28,ZfCsWNBscls,723039.4325490226,NDhwkGsiA,SWYTGGPKKLR,0,SWYTGGPKKLR,NDhwkGsiA,9504,ZfCsWNBscls,SWYTGGPKKLR
196,2024-04-22,tpEt,2467159.955619637,NDhwkGsiA,SWYTGGPKKLR,0,SWYTGGPKKLR,NDhwkGsiA,5633,tpEt,SWYTGGPKKLR
197,2024-11-13,JMD,1316560.6507922895,NDhwkGsiA,CBY,0,CBY,NDhwkGsiA,1920,JMD,CBY
198,2024-02-21,ZfCsWNBscls,1887617.2990536583,yIo,CBY,0,CBY,yIo,8008,ZfCsWNBscls,CBY
199,2024-09-24,ZfCsWNBscls,1414943.4869703203,NDhwkGsiA,myO,0,myO,NDhwkGsiA,3381,ZfCsWNBscls,myO
200,2024-10-21,inUMsiJ,1099009.7812099901,NDhwkGsiA,GRwxQfJQTKBL,0,GRwxQfJQTKBL,NDhwkGsiA,4618,inUMsiJ,GRwxQfJQTKBL
201,2024-04-22,tpEt,2270731.364102394,yIo,SWYTGGPKKLR,0,SWYTGGPKKLR,yIo,9989,tpEt,SWYTGGPKKLR
202,2024-04-10,ZfCsWNBscls,2379577.580151323,yIo,myO,0,myO,yIo,5443,ZfCsWNBscls,myO
203,2024-04-22,JMD,1711744.7996366404,NDhwkGsiA,MBzDq,0,MBzDq,NDhwkGsiA,1272,JMD,MBzDq
204,2024-03-21,inUMsiJ,704478.853927545,yIo,MBzDq,0,MBzDq,yIo,2773,inUMsiJ,MBzDq
205,2024-07-05,tpEt,1726877.7758737586,yIo,myO,0,myO,yIo,3547,tpEt,myO
206,2024-04-22,yLfxDL,2195902.002701273,NDhwkGsiA,SWYTGGPKKLR,0,SWYTGGPKKLR,NDhwkGsiA,4164,yLfxDL,SWYTGGPKKLR
207,2024-01-02,JMD,1260544.2156129356,NDhwkGsiA,myO,0,myO,NDhwkGsiA,5780,JMD,myO
208,2024-05-09,ZfCsWNBscls,2091679.9598895777,yIo,SWYTGGPKKLR,0,SWYTGGPKKLR,yIo,1946,ZfCsWNBscls,SWYTGGPKKLR
209,2024-08-07,ZfCsWNBscls,1992345.0754135023,NDhwkGsiA,CBY,0,CBY,NDhwkGsiA,1506,ZfCsWNBscls,CBY
210,2024-02-23,JMD,2289645.749800544,NDhwkGsiA,myO,0,myO,NDhwkGsiA,7719,JMD,myO
211,2024-12-08,ZfCsWNBscls,2059790.1842070767,yIo,SWYTGGPKKLR,0,SWYTGGPKKLR,yIo,9435,ZfCsWNBscls,SWYTGGPKKLR
212,2024-08-11,inUMsiJ,1513465.5295592223,NDhwkGsiA,myO,0,myO,NDhwkGsiA,9697,inUMsiJ,myO
213,2024-08-12,tpEt,2598285.7508322457,NDhwkGsiA,myO,0,myO,NDhwkGsiA,7360,tpEt,myO
214,2024-05-05,inUMsiJ,1920735.213486515,NDhwkGsiA,SWYTGGPKKLR,0,SWYTGGPKKLR,NDhwkGsiA,8657,inUMsiJ,SWYTGGPKKLR
215,2024-05-09,ZfCsWNBscls,1986347.730245034,NDhwkGsiA,SWYTGGPKKLR,0,SWYTGGPKKLR,NDhwkGsiA,4590,ZfCsWNBscls,SWYTGGPKKLR
216,2024-02-22,yLfxDL,1533366.020463402,NDhwkGsiA,GRwxQfJQTKBL,0,GRwxQfJQTKBL,NDhwkGsiA,2192,yLfxDL,GRwxQfJQTKBL
217,2024-06-20,tpEt,1778358.8744042448,yIo,myO,0,myO,yIo,2464,tpEt,myO
218,2024-08-05,tpEt,1557598.6429865495,yIo,MBzDq,0,MBzDq,yIo,1390,tpEt,MBzDq
219,2024-06-08,JMD,1913526.9700382885,NDhwkGsiA,myO,0,myO,NDhwkGsiA,6615,JMD,myO
220,2024-07-16,JMD,2855854.240071172,yIo,myO,0,myO,yIo,7106,JMD,myO
221,2024-09-03,yLfxDL,1314049.428534322,NDhwkGsiA,SWYTGGPKKLR,0,SWYTGGPKKLR,NDhwkGsiA,9864,yLfxDL,SWYTGGPKKLR
222,2024-11-19,tpEt,1193219.3010616293,NDhwkGsiA,myO,0,myO,NDhwkGsiA,3560,tpEt,myO
223,2024-07-21,yLfxDL,2735585.163746804,NDhwkGsiA,myO,0,myO,NDhwkGsiA,6867,yLfxDL,myO
224,2024-07-02,JMD,1895338.1614240669,NDhwkGsiA,MBzDq,0,MBzDq,NDhwkGsiA,2211,JMD,MBzDq
225,2024-05-02,JMD,3421104.395999703,yIo,MBzDq,1,SWYTGGPKKLR,NDhwkGsiA,2539,JMD,SWYTGGPKKLR
226,2024-09-11,tpEt,2519952.3436980383,yIo,myO,0,myO,yIo,1643,tpEt,myO
227,2024-10-20,inUMsiJ,1697192.230131568,yIo,CBY,0,CBY,yIo,9693,inUMsiJ,CBY
228,2024-10-06,ZfCsWNBscls,2913004.856773468,NDhwkGsiA,GRwxQfJQTKBL,0,GRwxQfJQTKBL,NDhwkGsiA,9921,ZfCsWNBscls,GRwxQfJQTKBL
229,2024-11-20,JMD,2338962.9356696345,yIo,MBzDq,0,MBzDq,yIo,2283,JMD,MBzDq
230,2024-04-07,JMD,1756044.2959271488,NDhwkGsiA,myO,0,myO,NDhwkGsiA,8680,JMD,myO
231,2024-07-16,inUMsiJ,3078654.1066327514,yIo,CBY,0,CBY,yIo,8345,inUMsiJ,CBY
232,2024-08-27,inUMsiJ,1697142.5384983309,NDhwkGsiA,myO,0,myO,NDhwkGsiA,5386,inUMsiJ,myO
233,2024-05-23,yLfxDL,2371047.6860046536,yIo,myO,0,myO,yIo,1919,yLfxDL,myO
234,2024-04-06,ZfCsWNBscls,3416723.550598124,NDhwkGsiA,CBY,1,SWYTGGPKKLR,NDhwkGsiA,3339,yLfxDL,SWYTGGPKKLR
235,2024-07-19,ZfCsWNBscls,2650870.644699399,NDhwkGsiA,SWYTGGPKKLR,0,SWYTGGPKKLR,NDhwkGsiA,9947,ZfCsWNBscls,SWYTGGPKKLR
236,2024-05-03,ZfCsWNBscls,2780755.5983634265,yIo,SWYTGGPKKLR,0,SWYTGGPKKLR,yIo,6930,ZfCsWNBscls,SWYTGGPKKLR
237,2024-07-05,tpEt,2016002.0745328832,yIo,CBY,0,CBY,yIo,6402,tpEt,CBY
238,2024-11-21,yLfxDL,1623291.0648269083,NDhwkGsiA,myO,0,myO,NDhwkGsiA,6663,yLfxDL,myO
239,2024-12-14,JMD,2229986.0714695584,yIo,GRwxQfJQTKBL,0,GRwxQfJQTKBL,yIo,6275,JMD,GRwxQfJQTKBL
240,2024-09-15,yLfxDL,1661142.3151239469,NDhwkGsiA,MBzDq,0,MBzDq,NDhwkGsiA,1507,yLfxDL,MBzDq
241,2024-05-27,JMD,3006693.6237633117,yIo,SWYTGGPKKLR,0,SWYTGGPKKLR,yIo,2436,JMD,SWYTGGPKKLR
242,2024-09-08,inUMsiJ,2068267.6655413688,yIo,SWYTGGPKKLR,0,SWYTGGPKKLR,yIo,9750,inUMsiJ,SWYTGGPKKLR
243,2024-12-11,yLfxDL,1817339.2243439457,NDhwkGsiA,myO,0,myO,NDhwkGsiA,8354,yLfxDL,myO
244,2024-05-26,inUMsiJ,2092340.1529324541,yIo,myO,0,myO,yIo,5516,inUMsiJ,myO
245,2024-03-22,ZfCsWNBscls,1326436.8552351517,yIo,CBY,1,CBY,yIo,4622,ZfCsWNBscls,CBY
246,2024-12-17,ZfCsWNBscls,1514192.9807446743,NDhwkGsiA,CBY,0,CBY,NDhwkGsiA,5399,ZfCsWNBscls,CBY
247,2024-07-17,tpEt,2600206.953972213,yIo,SWYTGGPKKLR,0,SWYTGGPKKLR,yIo,6037,tpEt,SWYTGGPKKLR
248,2024-11-03,yLfxDL,1671552.8605143023,NDhwkGsiA,myO,0,myO,NDhwkGsiA,9111,yLfxDL,myO
249,2024-05-07,inUMsiJ,1476544.5086590303,NDhwkGsiA,GRwxQfJQTKBL,0,GRwxQfJQTKBL,NDhwkGsiA,4715,inUMsiJ,GRwxQfJQTKBL
250,2024-02-08,JMD,2268326.376263643,NDhwkGsiA,MBzDq,0,MBzDq,NDhwkGsiA,8837,JMD,MBzDq
251,2024-12-03,ZfCsWNBscls,2592852.0773314983,NDhwkGsiA,myO,0,myO,NDhwkGsiA,2301,ZfCsWNBscls,myO
252,2024-12-25,ZfCsWNBscls,2359476.655332533,NDhwkGsiA,myO,0,myO,NDhwkGsiA,8370,ZfCsWNBscls,myO
253,2024-05-08,JMD,2498023.842902908,yIo,CBY,0,CBY,yIo,6185,JMD,CBY
254,2024-09-23,inUMsiJ,1621602.4557152695,NDhwkGsiA,MBzDq,0,MBzDq,NDhwkGsiA,3155,inUMsiJ,MBzDq
255,2024-05-30,inUMsiJ,1289094.666629078,NDhwkGsiA,SWYTGGPKKLR,0,SWYTGGPKKLR,NDhwkGsiA,7411,inUMsiJ,SWYTGGPKKLR
256,2024-10-24,yLfxDL,2750666.8259777436,yIo,myO,0,myO,yIo,7365,yLfxDL,myO
257,2024-04-08,yLfxDL,1838660.080578932,yIo,SWYTGGPKKLR,0,SWYTGGPKKLR,yIo,1692,yLfxDL,SWYTGGPKKLR
258,2024-09-19,tpEt,1874583.4917724764,yIo,myO,0,myO,yIo,2478,tpEt,myO
259,2024-09-08,ZfCsWNBscls,2664097.070924529,NDhwkGsiA,SWYTGGPKKLR,0,SWYTGGPKKLR,NDhwkGsiA,7396,ZfCsWNBscls,SWYTGGPKKLR
260,2024-05-23,yLfxDL,2278115.00470033,NDhwkGsiA,MBzDq,0,MBzDq,NDhwkGsiA,9448,yLfxDL,MBzDq
261,2024-12-11,inUMsiJ,2227943.886040804,NDhwkGsiA,CBY,0,CBY,NDhwkGsiA,1441,inUMsiJ,CBY
262,2024-04-21,JMD,3082501.172450542,yIo,MBzDq,0,MBzDq,yIo,3646,JMD,MBzDq
263,2024-02-29,inUMsiJ,1678240.8848099285,NDhwkGsiA,GRwxQfJQTKBL,0,GRwxQfJQTKBL,NDhwkGsiA,6209,inUMsiJ,GRwxQfJQTKBL
264,2024-01-02,ZfCsWNBscls,2463920.0640406185,yIo,CBY,0,CBY,yIo,7533,ZfCsWNBscls,CBY
265,2024-10-30,inUMsiJ,2028506.5624485423,NDhwkGsiA,MBzDq,0,MBzDq,NDhwkGsiA,5677,inUMsiJ,MBzDq
266,2024-09-10,tpEt,2134296.1394316284,yIo,GRwxQfJQTKBL,0,GRwxQfJQTKBL,yIo,8211,tpEt,GRwxQfJQTKBL
267,2024-05-19,ZfCsWNBscls,2764234.213206266,NDhwkGsiA,myO,0,myO,NDhwkGsiA,3645,ZfCsWNBscls,myO
268,2024-02-06,JMD,2253917.878144812,NDhwkGsiA,myO,0,myO,NDhwkGsiA,9210,JMD,myO
269,2024-06-08,tpEt,2269148.0395248164,NDhwkGsiA,SWYTGGPKKLR,0,SWYTGGPKKLR,NDhwkGsiA,8933,tpEt,SWYTGGPKKLR
270,2024-01-09,ZfCsWNBscls,2536253.668654901,yIo,CBY,0,CBY,yIo,6476,ZfCsWNBscls,CBY
271,2024-08-20,JMD,1817523.6352285573,yIo,myO,0,myO,yIo,8928,JMD,myO
272,2024-04-08,tpEt,1580395.1663304968,NDhwkGsiA,CBY,0,CBY,NDhwkGsiA,3080,tpEt,CBY
273,2024-05-26,tpEt,1477595.4029894832,NDhwkGsiA,myO,0,myO,NDhwkGsiA,7089,tpEt,myO
274,2024-10-30,ZfCsWNBscls,1016821.7053119991,NDhwkGsiA,SWYTGGPKKLR,0,SWYTGGPKKLR,NDhwkGsiA,8396,ZfCsWNBscls,SWYTGGPKKLR
275,2024-07-26,yLfxDL,3028103.564970161,yIo,MBzDq,0,MBzDq,yIo,8797,yLfxDL,MBzDq
276,2024-05-10,tpEt,1448395.8171391585,NDhwkGsiA,SWYTGGPKKLR,0,SWYTGGPKKLR,NDhwkGsiA,1861,tpEt,SWYTGGPKKLR
277,2024-05-31,tpEt,1889373.188207114,NDhwkGsiA,GRwxQfJQTKBL,0,GRwxQfJQTKBL,NDhwkGsiA,9346,tpEt,GRwxQfJQTKBL
278,2024-02-23,JMD,1861593.3500555397,NDhwkGsiA,myO,0,myO,NDhwkGsiA,4494,JMD,myO
279,2024-04-29,inUMsiJ,2153703.3489045505,NDhwkGsiA,GRwxQfJQTKBL,0,GRwxQfJQTKBL,NDhwkGsiA,1904,inUMsiJ,GRwxQfJQTKBL
280,2024-06-09,ZfCsWNBscls,2407868.6062696483,yIo,GRwxQfJQTKBL,0,GRwxQfJQTKBL,yIo,2269,ZfCsWNBscls,GRwxQfJQTKBL
281,2024-04-25,ZfCsWNBscls,2430236.744179873,yIo,CBY,0,CBY,yIo,1404,ZfCsWNBscls,CBY
282,2024-03-15,yLfxDL,1708461.2807155307,NDhwkGsiA,myO,0,myO,NDhwkGsiA,2184,yLfxDL,myO
283,2024-04-22,yLfxDL,1916439.1431067942,NDhwkGsiA,GRwxQfJQTKBL,0,GRwxQfJQTKBL,NDhwkGsiA,9938,yLfxDL,GRwxQfJQTKBL
284,2024-04-13,ZfCsWNBscls,2141289.97524415,yIo,MBzDq,0,MBzDq,yIo,2725,ZfCsWNBscls,MBzDq
285,2024-12-05,yLfxDL,1875654.4369082265,yIo,GRwxQfJQTKBL,0,GRwxQfJQTKBL,yIo,9462,yLfxDL,GRwxQfJQTKBL
286,2024-09-10,JMD,2803672.7880099965,NDhwkGsiA,MBzDq,0,MBzDq,NDhwkGsiA,6811,JMD,MBzDq
287,2024-08-14,ZfCsWNBscls,2245487.475819126,yIo,CBY,0,CBY,yIo,6606,ZfCsWNBscls,CBY
288,2024-04-21,yLfxDL,2367438.893024909,yIo,GRwxQfJQTKBL,0,GRwxQfJQTKBL,yIo,4956,yLfxDL,GRwxQfJQTKBL
289,2024-04-08,ZfCsWNBscls,2331440.6343337065,NDhwkGsiA,SWYTGGPKKLR,0,SWYTGGPKKLR,NDhwkGsiA,1171,ZfCsWNBscls,SWYTGGPKKLR
290,2024-06-01,inUMsiJ,2586736.9287426625,yIo,CBY,0,CBY,yIo,9465,inUMsiJ,CBY
291,2024-12-14,tpEt,2090510.7793518535,yIo,MBzDq,0,MBzDq,yIo,3306,tpEt,MBzDq
292,2024-12-03,ZfCsWNBscls,1351584.0260220766,NDhwkGsiA,CBY,0,CBY,NDhwkGsiA,1421,ZfCsWNBscls,CBY
293,2024-07-12,tpEt,2199843.9758763206,NDhwkGsiA,GRwxQfJQTKBL,0,GRwxQfJQTKBL,NDhwkGsiA,6540,tpEt,GRwxQfJQTKBL
294,2024-11-05,yLfxDL,1674321.5531040854,yIo,myO,0,myO,yIo,5675,yLfxDL,myO
295,2024-03-27,tpEt,1735691.6591251215,NDhwkGsiA,CBY,1,myO,NDhwkGsiA,7748,tpEt,myO
296,2024-07-26,ZfCsWNBscls,2293182.0093775466,yIo,MBzDq,0,MBzDq,yIo,7103,ZfCsWNBscls,MBzDq
297,2024-06-17,inUMsiJ,2619141.5357168177,NDhwkGsiA,MBzDq,0,MBzDq,NDhwkGsiA,2473,inUMsiJ,MBzDq
298,2024-06-09,yLfxDL,2010635.788368031,yIo,myO,0,myO,yIo,4243,yLfxDL,myO
299,2024-03-08,ZfCsWNBscls,2154416.5062994817,NDhwkGsiA,MBzDq,0,MBzDq,NDhwkGsiA,3181,ZfCsWNBscls,MBzDq
300,2024-10-15,yLfxDL,2851107.4723176192,yIo,CBY,0,CBY,yIo,4096,yLfxDL,CBY
301,2024-10-03,JMD,2120376.5897442843,yIo,SWYTGGPKKLR,0,SWYTGGPKKLR,yIo,7646,JMD,SWYTGGPKKLR
302,2024-10-30,tpEt,3300841.5570901977,yIo,SWYTGGPKKLR,0,SWYTGGPKKLR,yIo,6882,tpEt,SWYTGGPKKLR
303,2024-05-14,JMD,2282754.822815772,NDhwkGsiA,CBY,0,CBY,NDhwkGsiA,6982,JMD,CBY
304,2024-07-13,ZfCsWNBscls,1119618.620422091,NDhwkGsiA,SWYTGGPKKLR,0,SWYTGGPKKLR,NDhwkGsiA,6798,ZfCsWNBscls,SWYTGGPKKLR
305,2024-05-07,inUMsiJ,2376670.8105522664,yIo,GRwxQfJQTKBL,0,GRwxQfJQTKBL,yIo,9415,inUMsiJ,GRwxQfJQTKBL
306,2024-02-02,yLfxDL,2190579.192441389,yIo,CBY,0,CBY,yIo,9411,yLfxDL,CBY
307,2024-06-24,tpEt,2644876.377041373,NDhwkGsiA,MBzDq,0,MBzDq,NDhwkGsiA,9456,tpEt,MBzDq
308,2024-01-22,yLfxDL,2336590.6756349793,NDhwkGsiA,CBY,0,CBY,NDhwkGsiA,5524,yLfxDL,CBY
309,2024-08-25,ZfCsWNBscls,1930772.0080081131,NDhwkGsiA,myO,0,myO,NDhwkGsiA,7559,ZfCsWNBscls,myO
310,2024-06-06,yLfxDL,1387850.8818553172,NDhwkGsiA,MBzDq,0,MBzDq,NDhwkGsiA,8620,yLfxDL,MBzDq
311,2024-02-07,tpEt,1895488.3713569874,NDhwkGsiA,myO,0,myO,NDhwkGsiA,3774,tpEt,myO
312,2024-08-17,ZfCsWNBscls,1574739.77289535,NDhwkGsiA,MBzDq,0,MBzDq,NDhwkGsiA,6673,ZfCsWNBscls,MBzDq
313,2024-12-30,yLfxDL,1709738.2750976386,yIo,SWYTGGPKKLR,0,SWYTGGPKKLR,yIo,4124,yLfxDL,SWYTGGPKKLR
314,2024-02-20,inUMsiJ,2294289.202210305,NDhwkGsiA,CBY,0,CBY,NDhwkGsiA,9671,inUMsiJ,CBY
315,2024-09-20,ZfCsWNBscls,2834952.252175703,yIo,GRwxQfJQTKBL,0,GRwxQfJQTKBL,yIo,2353,ZfCsWNBscls,GRwxQfJQTKBL
316,2024-10-09,ZfCsWNBscls,2197335.7649114905,NDhwkGsiA,MBzDq,0,MBzDq,NDhwkGsiA,4854,ZfCsWNBscls,MBzDq
317,2024-01-27,inUMsiJ,1402058.4689824078,NDhwkGsiA,MBzDq,0,MBzDq,NDhwkGsiA,9134,inUMsiJ,MBzDq
318,2024-08-13,JMD,2222301.3341100705,yIo,myO,0,myO,yIo,1924,JMD,myO
319,2024-10-03,tpEt,2598315.7433228255,yIo,SWYTGGPKKLR,0,SWYTGGPKKLR,yIo,3170,tpEt,SWYTGGPKKLR
320,2024-10-12,inUMsiJ,4506131.51923234,NDhwkGsiA,GRwxQfJQTKBL,1,myO,NDhwkGsiA,6506,JMD,myO
321,2024-04-06,yLfxDL,1932991.4166635412,yIo,myO,0,myO,yIo,3395,yLfxDL,myO
322,2024-10-10,inUMsiJ,2007344.0973645987,yIo,SWYTGGPKKLR,0,SWYTGGPKKLR,yIo,9220,inUMsiJ,SWYTGGPKKLR
323,2024-11-12,JMD,1607550.84345888,yIo,GRwxQfJQTKBL,0,GRwxQfJQTKBL,yIo,9226,JMD,GRwxQfJQTKBL
324,2024-10-30,ZfCsWNBscls,2324140.2169219293,yIo,myO,0,myO,yIo,6515,ZfCsWNBscls,myO
325,2024-05-26,yLfxDL,1939525.9256961092,NDhwkGsiA,myO,0,myO,NDhwkGsiA,3670,yLfxDL,myO
326,2024-01-04,yLfxDL,2209766.221953514,yIo,MBzDq,0,MBzDq,yIo,4365,yLfxDL,MBzDq
327,2024-02-04,JMD,1556253.91109895,NDhwkGsiA,SWYTGGPKKLR,0,SWYTGGPKKLR,NDhwkGsiA,1588,JMD,SWYTGGPKKLR
328,2024-07-10,JMD,1781270.8498382948,NDhwkGsiA,CBY,0,CBY,NDhwkGsiA,4138,JMD,CBY
329,2024-02-18,inUMsiJ,2361190.6789138857,NDhwkGsiA,GRwxQfJQTKBL,0,GRwxQfJQTKBL,NDhwkGsiA,7663,inUMsiJ,GRwxQfJQTKBL
330,2024-01-17,tpEt,1813583.4239541164,NDhwkGsiA,GRwxQfJQTKBL,0,GRwxQfJQTKBL,NDhwkGsiA,5086,tpEt,GRwxQfJQTKBL
331,2024-06-20,JMD,2863481.9256167025,yIo,SWYTGGPKKLR,0,SWYTGGPKKLR,yIo,9531,JMD,SWYTGGPKKLR
332,2024-08-07,JMD,1800181.907192699,yIo,MBzDq,0,MBzDq,yIo,5270,JMD,MBzDq
333,2024-06-06,ZfCsWNBscls,2112342.362875943,NDhwkGsiA,MBzDq,0,MBzDq,NDhwkGsiA,7019,ZfCsWNBscls,MBzDq
334,2024-02-15,yLfxDL,2466295.415936545,NDhwkGsiA,SWYTGGPKKLR,0,SWYTGGPKKLR,NDhwkGsiA,1556,yLfxDL,SWYTGGPKKLR
335,2024-01-06,tpEt,1290817.1335334843,NDhwkGsiA,MBzDq,0,MBzDq,NDhwkGsiA,9022,tpEt,MBzDq
336,2024-04-08,ZfCsWNBscls,1119595.5940096122,NDhwkGsiA,GRwxQfJQTKBL,0,GRwxQfJQTKBL,NDhwkGsiA,6452,ZfCsWNBscls,GRwxQfJQTKBL
337,2024-08-20,inUMsiJ,1237171.8427149528,yIo,GRwxQfJQTKBL,0,GRwxQfJQTKBL,yIo,4567,inUMsiJ,GRwxQfJQTKBL
338,2024-02-06,inUMsiJ,2631292.051713591,NDhwkGsiA,CBY,0,CBY,NDhwkGsiA,4899,inUMsiJ,CBY
339,2024-10-06,JMD,1724070.9270537766,yIo,SWYTGGPKKLR,0,SWYTGGPKKLR,yIo,7477,JMD,SWYTGGPKKLR
340,2024-12-14,ZfCsWNBscls,9097182.553789686,NDhwkGsiA,MBzDq,1,myO,NDhwkGsiA,8500,JMD,myO
341,2024-10-28,inUMsiJ,1717876.2006713056,NDhwkGsiA,myO,0,myO,NDhwkGsiA,2016,inUMsiJ,myO
342,2024-06-29,JMD,2092275.6515985185,NDhwkGsiA,CBY,0,CBY,NDhwkGsiA,7470,JMD,CBY
343,2024-04-04,tpEt,2771054.9762839377,NDhwkGsiA,CBY,0,CBY,NDhwkGsiA,3062,tpEt,CBY
344,2024-04-08,JMD,3003046.444079561,yIo,MBzDq,0,MBzDq,yIo,5321,JMD,MBzDq
345,2024-07-06,yLfxDL,3030751.788318199,yIo,CBY,0,CBY,yIo,4496,yLfxDL,CBY
346,2024-04-25,JMD,2604183.115296571,yIo,CBY,0,CBY,yIo,2813,JMD,CBY
347,2024-07-09,ZfCsWNBscls,2512031.2629057313,NDhwkGsiA,myO,0,myO,NDhwkGsiA,7256,ZfCsWNBscls,myO
348,2024-09-09,tpEt,2296263.4746005917,NDhwkGsiA,MBzDq,0,MBzDq,NDhwkGsiA,3313,tpEt,MBzDq
349,2024-06-09,ZfCsWNBscls,2389180.5380833186,yIo,CBY,0,CBY,yIo,2231,ZfCsWNBscls,CBY
350,2024-09-12,ZfCsWNBscls,1724407.1418357333,yIo,CBY,0,CBY,yIo,6831,ZfCsWNBscls,CBY
351,2024-11-18,yLfxDL,1590900.5582888464,NDhwkGsiA,MBzDq,0,MBzDq,NDhwkGsiA,3999,yLfxDL,MBzDq
352,2024-05-07,tpEt,1998312.771294524,NDhwkGsiA,SWYTGGPKKLR,0,SWYTGGPKKLR,NDhwkGsiA,4440,tpEt,SWYTGGPKKLR
353,2024-01-18,tpEt,1914907.6887375358,yIo,MBzDq,0,MBzDq,yIo,5056,tpEt,MBzDq
354,2024-10-07,tpEt,1773385.9753363624,NDhwkGsiA,myO,0,myO,NDhwkGsiA,1305,tpEt,myO
355,2024-08-10,tpEt,2348193.723728358,NDhwkGsiA,SWYTGGPKKLR,0,SWYTGGPKKLR,NDhwkGsiA,2689,tpEt,SWYTGGPKKLR
356,2024-02-23,tpEt,2477652.6042852555,yIo,GRwxQfJQTKBL,0,GRwxQfJQTKBL,yIo,4917,tpEt,GRwxQfJQTKBL
357,2024-02-27,yLfxDL,2044203.4431459238,NDhwkGsiA,MBzDq,0,MBzDq,NDhwkGsiA,8080,yLfxDL,MBzDq
358,2024-11-18,JMD,2738765.040527631,yIo,myO,0,myO,yIo,9611,JMD,myO
359,2024-12-25,ZfCsWNBscls,1429155.4429332474,NDhwkGsiA,SWYTGGPKKLR,0,SWYTGGPKKLR,NDhwkGsiA,3936,ZfCsWNBscls,SWYTGGPKKLR
360,2024-06-22,tpEt,1903170.270360141,yIo,MBzDq,0,MBzDq,yIo,4862,tpEt,MBzDq
361,2024-10-06,JMD,1641588.8396985976,NDhwkGsiA,CBY,0,CBY,NDhwkGsiA,6649,JMD,CBY
362,2024-04-23,JMD,1066731.69146347,yIo,MBzDq,0,MBzDq,yIo,4261,JMD,MBzDq
363,2024-10-14,ZfCsWNBscls,1958659.6570786503,yIo,GRwxQfJQTKBL,0,GRwxQfJQTKBL,yIo,2819,ZfCsWNBscls,GRwxQfJQTKBL
364,2024-12-07,yLfxDL,1939126.2458083583,yIo,MBzDq,0,MBzDq,yIo,2342,yLfxDL,MBzDq
365,2024-05-30,inUMsiJ,2756724.871621066,yIo,SWYTGGPKKLR,0,SWYTGGPKKLR,yIo,6560,inUMsiJ,SWYTGGPKKLR
366,2024-05-06,inUMsiJ,2315405.842277389,NDhwkGsiA,SWYTGGPKKLR,0,SWYTGGPKKLR,NDhwkGsiA,3226,inUMsiJ,SWYTGGPKKLR
367,2024-06-03,JMD,1487906.5878353976,NDhwkGsiA,MBzDq,0,MBzDq,NDhwkGsiA,2079,JMD,MBzDq
368,2024-09-29,ZfCsWNBscls,2927046.283167094,yIo,SWYTGGPKKLR,0,SWYTGGPKKLR,yIo,5206,ZfCsWNBscls,SWYTGGPKKLR
369,2024-04-13,inUMsiJ,2610516.8477626764,NDhwkGsiA,CBY,0,CBY,NDhwkGsiA,7280,inUMsiJ,CBY
370,2024-10-25,JMD,2291048.851734308,NDhwkGsiA,MBzDq,0,MBzDq,NDhwkGsiA,8235,JMD,MBzDq
371,2024-09-02,yLfxDL,1886757.950575084,NDhwkGsiA,CBY,0,CBY,NDhwkGsiA,1813,yLfxDL,CBY
372,2024-06-24,inUMsiJ,1520280.38163826,NDhwkGsiA,CBY,0,CBY,NDhwkGsiA,6089,inUMsiJ,CBY
373,2024-02-08,JMD,1813896.6119644735,NDhwkGsiA,myO,0,myO,NDhwkGsiA,3031,JMD,myO
374,2024-06-18,JMD,2544374.309852093,yIo,MBzDq,0,MBzDq,yIo,9514,JMD,MBzDq
375,2024-09-03,tpEt,2942293.1529673045,yIo,SWYTGGPKKLR,0,SWYTGGPKKLR,yIo,6911,tpEt,SWYTGGPKKLR
376,2024-01-26,yLfxDL,2771621.7641360946,yIo,CBY,0,CBY,yIo,3653,yLfxDL,CBY
377,2024-12-20,tpEt,1755575.2891068629,yIo,myO,0,myO,yIo,4340,tpEt,myO
378,2024-11-01,ZfCsWNBscls,1440191.2833554945,NDhwkGsiA,MBzDq,0,MBzDq,NDhwkGsiA,8876,ZfCsWNBscls,MBzDq
379,2024-01-13,tpEt,2070443.123455602,NDhwkGsiA,MBzDq,0,MBzDq,NDhwkGsiA,2141,tpEt,MBzDq
380,2024-11-11,tpEt,1115780.3172185742,yIo,GRwxQfJQTKBL,0,GRwxQfJQTKBL,yIo,9558,tpEt,GRwxQfJQTKBL
381,2024-11-08,inUMsiJ,2161583.857092391,NDhwkGsiA,GRwxQfJQTKBL,0,GRwxQfJQTKBL,NDhwkGsiA,3897,inUMsiJ,GRwxQfJQTKBL
382,2024-02-05,JMD,1926198.7068506656,NDhwkGsiA,CBY,0,CBY,NDhwkGsiA,5041,JMD,CBY
383,2024-06-21,yLfxDL,1766981.7490658788,yIo,GRwxQfJQTKBL,0,GRwxQfJQTKBL,yIo,3038,yLfxDL,GRwxQfJQTKBL
384,2024-01-20,tpEt,1202648.466366602,NDhwkGsiA,CBY,0,CBY,NDhwkGsiA,5270,tpEt,CBY
385,2024-11-16,yLfxDL,2256800.0532848584,yIo,SWYTGGPKKLR,0,SWYTGGPKKLR,yIo,5683,yLfxDL,SWYTGGPKKLR
386,2024-09-20,tpEt,1733649.5801690444,yIo,CBY,0,CBY,yIo,1494,tpEt,CBY
387,2024-05-21,ZfCsWNBscls,1415041.582144856,NDhwkGsiA,GRwxQfJQTKBL,0,GRwxQfJQTKBL,NDhwkGsiA,8116,ZfCsWNBscls,GRwxQfJQTKBL
388,2024-05-22,tpEt,563868.8933591754,NDhwkGsiA,SWYTGGPKKLR,0,SWYTGGPKKLR,NDhwkGsiA,2784,tpEt,SWYTGGPKKLR
389,2024-04-01,inUMsiJ,1986242.5474746819,yIo,GRwxQfJQTKBL,0,GRwxQfJQTKBL,yIo,4510,inUMsiJ,GRwxQfJQTKBL
390,2024-12-19,JMD,2886125.798334872,yIo,CBY,0,CBY,yIo,4786,JMD,CBY
391,2024-11-17,ZfCsWNBscls,2830629.607273935,NDhwkGsiA,myO,0,myO,NDhwkGsiA,6266,ZfCsWNBscls,myO
392,2024-10-14,tpEt,1771451.871706864,yIo,MBzDq,0,MBzDq,yIo,6428,tpEt,MBzDq
393,2024-08-02,yLfxDL,1698893.9698191097,yIo,GRwxQfJQTKBL,0,GRwxQfJQTKBL,yIo,7681,yLfxDL,GRwxQfJQTKBL
394,2024-12-07,ZfCsWNBscls,2234387.128037512,yIo,CBY,0,CBY,yIo,7893,ZfCsWNBscls,CBY
395,2024-02-20,ZfCsWNBscls,1500807.2804058543,NDhwkGsiA,SWYTGGPKKLR,0,SWYTGGPKKLR,NDhwkGsiA,5658,ZfCsWNBscls,SWYTGGPKKLR
396,2024-06-01,tpEt,2150895.949909733,yIo,GRwxQfJQTKBL,0,GRwxQfJQTKBL,yIo,8082,tpEt,GRwxQfJQTKBL
397,2024-07-04,ZfCsWNBscls,2383040.139192345,NDhwkGsiA,GRwxQfJQTKBL,0,GRwxQfJQTKBL,NDhwkGsiA,7869,ZfCsWNBscls,GRwxQfJQTKBL
398,2024-03-03,yLfxDL,2613466.611942154,yIo,MBzDq,0,MBzDq,yIo,8607,yLfxDL,MBzDq
399,2024-07-08,ZfCsWNBscls,1949922.9617600236,NDhwkGsiA,CBY,0,CBY,NDhwkGsiA,8669,ZfCsWNBscls,CBY
400,2024-05-04,yLfxDL,1898163.1249115171,yIo,myO,0,myO,yIo,7219,yLfxDL,myO
401,2024-05-29,tpEt,1561008.7066217195,NDhwkGsiA,SWYTGGPKKLR,0,SWYTGGPKKLR,NDhwkGsiA,5534,tpEt,SWYTGGPKKLR
402,2024-11-09,JMD,1586559.82298007,NDhwkGsiA,CBY,0,CBY,NDhwkGsiA,6979,JMD,CBY
403,2024-02-27,ZfCsWNBscls,1886760.5540492367,NDhwkGsiA,SWYTGGPKKLR,0,SWYTGGPKKLR,NDhwkGsiA,9890,ZfCsWNBscls,SWYTGGPKKLR
404,2024-12-07,JMD,2183682.7534080893,yIo,GRwxQfJQTKBL,0,GRwxQfJQTKBL,yIo,2312,JMD,GRwxQfJQTKBL
405,2024-10-31,yLfxDL,2456792.313116625,yIo,MBzDq,0,MBzDq,yIo,3962,yLfxDL,MBzDq
406,2024-06-28,ZfCsWNBscls,1598410.5246598276,yIo,MBzDq,0,MBzDq,yIo,3938,ZfCsWNBscls,MBzDq
407,2024-06-18,inUMsiJ,2746344.284479761,NDhwkGsiA,myO,0,myO,NDhwkGsiA,4197,inUMsiJ,myO
408,2024-11-21,JMD,1864438.1994787157,yIo,MBzDq,0,MBzDq,yIo,6296,JMD,MBzDq
409,2024-09-27,ZfCsWNBscls,1989316.352825782,NDhwkGsiA,GRwxQfJQTKBL,0,GRwxQfJQTKBL,NDhwkGsiA,8204,ZfCsWNBscls,GRwxQfJQTKBL
410,2024-02-23,JMD,1626394.1604260884,yIo,myO,0,myO,yIo,6730,JMD,myO
411,2024-04-10,ZfCsWNBscls,787879.8698635292,NDhwkGsiA,CBY,0,CBY,NDhwkGsiA,1126,ZfCsWNBscls,CBY
412,2024-09-20,tpEt,2442022.6981805246,NDhwkGsiA,MBzDq,0,MBzDq,NDhwkGsiA,6602,tpEt,MBzDq
413,2024-02-22,JMD,2368421.948546217,NDhwkGsiA,myO,0,myO,NDhwkGsiA,2191,JMD,myO
414,2024-02-29,inUMsiJ,1859336.2214408934,yIo,GRwxQfJQTKBL,0,GRwxQfJQTKBL,yIo,3639,inUMsiJ,GRwxQfJQTKBL
415,2024-04-17,inUMsiJ,2033495.3586124359,yIo,SWYTGGPKKLR,0,SWYTGGPKKLR,yIo,2366,inUMsiJ,SWYTGGPKKLR
416,2024-01-05,yLfxDL,2257969.60885205,yIo,SWYTGGPKKLR,0,SWYTGGPKKLR,yIo,7453,yLfxDL,SWYTGGPKKLR
417,2024-04-12,ZfCsWNBscls,1218727.0715567288,NDhwkGsiA,GRwxQfJQTKBL,0,GRwxQfJQTKBL,NDhwkGsiA,7671,ZfCsWNBscls,GRwxQfJQTKBL
418,2024-07-14,JMD,1735473.6613268526,NDhwkGsiA,GRwxQfJQTKBL,0,GRwxQfJQTKBL,NDhwkGsiA,7683,JMD,GRwxQfJQTKBL
419,2024-09-18,yLfxDL,2397132.3398109134,yIo,SWYTGGPKKLR,0,SWYTGGPKKLR,yIo,5539,yLfxDL,SWYTGGPKKLR
420,2024-12-30,JMD,1372855.2884153752,yIo,myO,0,myO,yIo,9876,JMD,myO
421,2024-12-15,ZfCsWNBscls,2146778.9660833147,yIo,SWYTGGPKKLR,0,SWYTGGPKKLR,yIo,3887,ZfCsWNBscls,SWYTGGPKKLR
422,2024-02-16,inUMsiJ,1321709.0976882975,NDhwkGsiA,GRwxQfJQTKBL,0,GRwxQfJQTKBL,NDhwkGsiA,5086,inUMsiJ,GRwxQfJQTKBL
423,2024-12-20,tpEt,2233214.9912167634,NDhwkGsiA,MBzDq,0,MBzDq,NDhwkGsiA,3261,tpEt,MBzDq
424,2024-11-06,inUMsiJ,1982179.2588512583,NDhwkGsiA,CBY,0,CBY,NDhwkGsiA,5180,inUMsiJ,CBY
425,2024-11-03,yLfxDL,1192434.0920472452,NDhwkGsiA,MBzDq,0,MBzDq,NDhwkGsiA,3841,yLfxDL,MBzDq
426,2024-05-23,tpEt,2582369.677228586,NDhwkGsiA,MBzDq,0,MBzDq,NDhwkGsiA,7040,tpEt,MBzDq
427,2024-09-25,yLfxDL,1632704.2116009754,yIo,GRwxQfJQTKBL,0,GRwxQfJQTKBL,yIo,4560,yLfxDL,GRwxQfJQTKBL
428,2024-05-03,ZfCsWNBscls,1594873.7814928095,NDhwkGsiA,SWYTGGPKKLR,0,SWYTGGPKKLR,NDhwkGsiA,5758,ZfCsWNBscls,SWYTGGPKKLR
429,2024-04-15,tpEt,2100284.5986154713,NDhwkGsiA,myO,0,myO,NDhwkGsiA,1626,tpEt,myO
430,2024-06-06,yLfxDL,2574318.6747143576,NDhwkGsiA,MBzDq,0,MBzDq,NDhwkGsiA,6014,yLfxDL,MBzDq
431,2024-05-26,ZfCsWNBscls,1492089.0905108014,NDhwkGsiA,SWYTGGPKKLR,0,SWYTGGPKKLR,NDhwkGsiA,2375,ZfCsWNBscls,SWYTGGPKKLR
432,2024-05-24,JMD,3458964.0019766255,NDhwkGsiA,CBY,1,myO,NDhwkGsiA,2181,inUMsiJ,myO
433,2024-04-29,ZfCsWNBscls,2214408.2501652865,yIo,MBzDq,0,MBzDq,yIo,6708,ZfCsWNBscls,MBzDq
434,2024-11-14,JMD,2346552.803631572,NDhwkGsiA,myO,0,myO,NDhwkGsiA,1490,JMD,myO
435,2024-10-01,ZfCsWNBscls,2088220.7776386125,NDhwkGsiA,SWYTGGPKKLR,0,SWYTGGPKKLR,NDhwkGsiA,4729,ZfCsWNBscls,SWYTGGPKKLR
436,2024-04-01,ZfCsWNBscls,1816486.0804583388,NDhwkGsiA,CBY,0,CBY,NDhwkGsiA,6974,ZfCsWNBscls,CBY
437,2024-02-27,JMD,1586204.88967564,yIo,SWYTGGPKKLR,0,SWYTGGPKKLR,yIo,4534,JMD,SWYTGGPKKLR
438,2024-12-11,yLfxDL,2043071.9415231873,yIo,GRwxQfJQTKBL,0,GRwxQfJQTKBL,yIo,4296,yLfxDL,GRwxQfJQTKBL
439,2024-08-16,yLfxDL,1463930.4940071965,yIo,myO,0,myO,yIo,2940,yLfxDL,myO
440,2024-04-26,ZfCsWNBscls,539324.7582526964,NDhwkGsiA,CBY,0,CBY,NDhwkGsiA,6014,ZfCsWNBscls,CBY
441,2024-11-13,JMD,2218279.902078834,yIo,myO,0,myO,yIo,2882,JMD,myO
442,2024-10-05,JMD,2451967.420543098,NDhwkGsiA,myO,0,myO,NDhwkGsiA,5908,JMD,myO
443,2024-05-06,inUMsiJ,818533.7822290808,NDhwkGsiA,MBzDq,0,MBzDq,NDhwkGsiA,3987,inUMsiJ,MBzDq
444,2024-05-08,yLfxDL,1495134.647645031,yIo,GRwxQfJQTKBL,0,GRwxQfJQTKBL,yIo,6585,yLfxDL,GRwxQfJQTKBL
445,2024-02-27,tpEt,2309577.130502599,NDhwkGsiA,myO,0,myO,NDhwkGsiA,4159,tpEt,myO
446,2024-05-01,yLfxDL,3028747.7348558493,NDhwkGsiA,SWYTGGPKKLR,0,SWYTGGPKKLR,NDhwkGsiA,5530,yLfxDL,SWYTGGPKKLR
447,2024-01-01,yLfxDL,2010396.853837704,NDhwkGsiA,SWYTGGPKKLR,0,SWYTGGPKKLR,NDhwkGsiA,1681,yLfxDL,SWYTGGPKKLR
448,2024-08-26,inUMsiJ,1635998.5293854328,yIo,MBzDq,0,MBzDq,yIo,6254,inUMsiJ,MBzDq
449,2024-10-16,tpEt,1908551.77944758,NDhwkGsiA,GRwxQfJQTKBL,0,GRwxQfJQTKBL,NDhwkGsiA,2073,tpEt,GRwxQfJQTKBL
450,2024-04-05,inUMsiJ,2687438.209574092,NDhwkGsiA,GRwxQfJQTKBL,0,GRwxQfJQTKBL,NDhwkGsiA,3387,inUMsiJ,GRwxQfJQTKBL
451,2024-05-05,tpEt,1677017.9104377325,yIo,SWYTGGPKKLR,0,SWYTGGPKKLR,yIo,3693,tpEt,SWYTGGPKKLR
452,2024-04-27,ZfCsWNBscls,1600403.9966748732,NDhwkGsiA,CBY,0,CBY,NDhwkGsiA,5340,ZfCsWNBscls,CBY
453,2024-02-17,tpEt,1758628.2389089838,NDhwkGsiA,MBzDq,0,MBzDq,NDhwkGsiA,3156,tpEt,MBzDq
454,2024-03-29,inUMsiJ,1523335.695870644,yIo,MBzDq,0,MBzDq,yIo,8966,inUMsiJ,MBzDq
455,2024-08-24,yLfxDL,2061335.1579973977,NDhwkGsiA,SWYTGGPKKLR,0,SWYTGGPKKLR,NDhwkGsiA,3580,yLfxDL,SWYTGGPKKLR
456,2024-09-28,tpEt,2812339.22923478,NDhwkGsiA,SWYTGGPKKLR,0,SWYTGGPKKLR,NDhwkGsiA,8257,tpEt,SWYTGGPKKLR
457,2024-07-07,tpEt,2161539.6365580144,NDhwkGsiA,CBY,0,CBY,NDhwkGsiA,3159,tpEt,CBY
458,2024-07-10,JMD,1873823.2489368562,NDhwkGsiA,CBY,0,CBY,NDhwkGsiA,7772,JMD,CBY
459,2024-03-09,yLfxDL,1854094.3655422279,NDhwkGsiA,GRwxQfJQTKBL,0,GRwxQfJQTKBL,NDhwkGsiA,2627,yLfxDL,GRwxQfJQTKBL
460,2024-10-04,ZfCsWNBscls,1218404.5956516715,yIo,MBzDq,0,MBzDq,yIo,9219,ZfCsWNBscls,MBzDq
461,2024-12-14,inUMsiJ,2441554.8885735795,yIo,MBzDq,0,MBzDq,yIo,8080,inUMsiJ,MBzDq
462,2024-01-02,ZfCsWNBscls,1961081.401493599,yIo,GRwxQfJQTKBL,1,SWYTGGPKKLR,yIo,2985,ZfCsWNBscls,SWYTGGPKKLR
463,2024-03-16,yLfxDL,1909760.043204687,yIo,GRwxQfJQTKBL,0,GRwxQfJQTKBL,yIo,9488,yLfxDL,GRwxQfJQTKBL
464,2024-06-02,tpEt,3596553.78392243,NDhwkGsiA,MBzDq,0,MBzDq,NDhwkGsiA,3181,tpEt,MBzDq
465,2024-05-23,tpEt,2149376.454182843,NDhwkGsiA,GRwxQfJQTKBL,0,GRwxQfJQTKBL,NDhwkGsiA,3296,tpEt,GRwxQfJQTKBL
466,2024-03-26,yLfxDL,1624104.4749524079,NDhwkGsiA,GRwxQfJQTKBL,0,GRwxQfJQTKBL,NDhwkGsiA,8164,yLfxDL,GRwxQfJQTKBL
467,2024-07-03,tpEt,1786821.2018972284,NDhwkGsiA,SWYTGGPKKLR,0,SWYTGGPKKLR,NDhwkGsiA,3597,tpEt,SWYTGGPKKLR
468,2024-10-11,tpEt,2574222.8545983774,NDhwkGsiA,GRwxQfJQTKBL,0,GRwxQfJQTKBL,NDhwkGsiA,1901,tpEt,GRwxQfJQTKBL
469,2024-08-07,tpEt,2056635.2052688822,yIo,CBY,0,CBY,yIo,7060,tpEt,CBY
470,2024-03-09,inUMsiJ,1280861.0108413165,yIo,CBY,0,CBY,yIo,2677,inUMsiJ,CBY
471,2024-02-16,inUMsiJ,2459614.467287602,NDhwkGsiA,myO,0,myO,NDhwkGsiA,3881,inUMsiJ,myO
472,2024-04-03,JMD,1665927.957230503,NDhwkGsiA,SWYTGGPKKLR,0,SWYTGGPKKLR,NDhwkGsiA,6622,JMD,SWYTGGPKKLR
473,2024-08-25,ZfCsWNBscls,2936648.8881087727,NDhwkGsiA,myO,0,myO,NDhwkGsiA,9052,ZfCsWNBscls,myO
474,2024-07-22,yLfxDL,2540024.032857324,yIo,CBY,0,CBY,yIo,2378,yLfxDL,CBY
475,2024-08-05,yLfxDL,1776339.0521706245,NDhwkGsiA,myO,0,myO,NDhwkGsiA,2248,yLfxDL,myO
476,2024-12-06,yLfxDL,2640508.1808675565,NDhwkGsiA,SWYTGGPKKLR,0,SWYTGGPKKLR,NDhwkGsiA,6650,yLfxDL,SWYTGGPKKLR
477,2024-02-08,JMD,2033927.7552637015,NDhwkGsiA,SWYTGGPKKLR,0,SWYTGGPKKLR,NDhwkGsiA,7079,JMD,SWYTGGPKKLR
478,2024-04-09,inUMsiJ,2426386.8375611096,yIo,GRwxQfJQTKBL,0,GRwxQfJQTKBL,yIo,8036,inUMsiJ,GRwxQfJQTKBL
479,2024-10-15,JMD,2242366.4086472373,NDhwkGsiA,MBzDq,0,MBzDq,NDhwkGsiA,7487,JMD,MBzDq
480,2024-09-10,yLfxDL,1576821.6725045634,yIo,GRwxQfJQTKBL,0,GRwxQfJQTKBL,yIo,2058,yLfxDL,GRwxQfJQTKBL
481,2024-08-09,ZfCsWNBscls,1678225.083841269,yIo,SWYTGGPKKLR,0,SWYTGGPKKLR,yIo,3048,ZfCsWNBscls,SWYTGGPKKLR
482,2024-12-22,tpEt,2514980.4087905805,yIo,CBY,0,CBY,yIo,7115,tpEt,CBY
483,2024-01-23,inUMsiJ,1832612.3339467295,yIo,CBY,0,CBY,yIo,5248,inUMsiJ,CBY
484,2024-09-06,inUMsiJ,1798175.7683790016,yIo,GRwxQfJQTKBL,0,GRwxQfJQTKBL,yIo,3476,inUMsiJ,GRwxQfJQTKBL
485,2024-01-10,JMD,1522438.7103253235,yIo,SWYTGGPKKLR,0,SWYTGGPKKLR,yIo,5603,JMD,SWYTGGPKKLR
486,2024-09-02,inUMsiJ,2211799.5327967303,NDhwkGsiA,CBY,0,CBY,NDhwkGsiA,4553,inUMsiJ,CBY
487,2024-11-20,yLfxDL,3031262.4596215724,NDhwkGsiA,SWYTGGPKKLR,0,SWYTGGPKKLR,NDhwkGsiA,1220,yLfxDL,SWYTGGPKKLR
488,2024-04-09,yLfxDL,1466233.5428728636,NDhwkGsiA,CBY,0,CBY,NDhwkGsiA,5818,yLfxDL,CBY
489,2024-10-16,JMD,2012109.728336379,yIo,SWYTGGPKKLR,0,SWYTGGPKKLR,yIo,8192,JMD,SWYTGGPKKLR
490,2024-06-28,yLfxDL,2706110.2777077146,NDhwkGsiA,myO,0,myO,NDhwkGsiA,5623,yLfxDL,myO
491,2024-08-10,ZfCsWNBscls,1960179.3043771423,yIo,SWYTGGPKKLR,0,SWYTGGPKKLR,yIo,8349,ZfCsWNBscls,SWYTGGPKKLR
492,2024-09-06,JMD,2226185.898124867,yIo,SWYTGGPKKLR,0,SWYTGGPKKLR,yIo,6618,JMD,SWYTGGPKKLR
493,2024-05-26,ZfCsWNBscls,1468803.2359265601,yIo,GRwxQfJQTKBL,0,GRwxQfJQTKBL,yIo,8209,ZfCsWNBscls,GRwxQfJQTKBL
494,2024-04-05,ZfCsWNBscls,6355137.661624549,NDhwkGsiA,MBzDq,1,myO,NDhwkGsiA,5576,tpEt,myO
495,2024-09-13,ZfCsWNBscls,3637402.4174703327,yIo,MBzDq,1,MBzDq,yIo,2871,ZfCsWNBscls,MBzDq
496,2024-11-20,tpEt,2492864.9978399314,yIo,GRwxQfJQTKBL,0,GRwxQfJQTKBL,yIo,8915,tpEt,GRwxQfJQTKBL
497,2024-01-04,tpEt,2593693.0257823756,NDhwkGsiA,MBzDq,0,MBzDq,NDhwkGsiA,2462,tpEt,MBzDq
498,2024-01-16,ZfCsWNBscls,3294781.821009307,NDhwkGsiA,CBY,0,CBY,NDhwkGsiA,6521,ZfCsWNBscls,CBY
499,2024-10-06,JMD,2289816.586606788,yIo,MBzDq,0,MBzDq,yIo,9536,JMD,MBzDq
500,2024-12-01,yLfxDL,2162898.1582910833,yIo,SWYTGGPKKLR,0,SWYTGGPKKLR,yIo,9236,yLfxDL,SWYTGGPKKLR
501,2024-09-03,yLfxDL,2097192.150788668,NDhwkGsiA,MBzDq,0,MBzDq,NDhwkGsiA,8813,yLfxDL,MBzDq
502,2024-09-14,tpEt,1823416.8535946559,NDhwkGsiA,GRwxQfJQTKBL,0,GRwxQfJQTKBL,NDhwkGsiA,3068,tpEt,GRwxQfJQTKBL
503,2024-06-08,tpEt,2169241.9217308457,NDhwkGsiA,GRwxQfJQTKBL,0,GRwxQfJQTKBL,NDhwkGsiA,6753,tpEt,GRwxQfJQTKBL
504,2024-12-05,JMD,1852299.2949304853,yIo,MBzDq,0,MBzDq,yIo,8237,JMD,MBzDq
505,2024-05-31,inUMsiJ,2084230.4881348072,NDhwkGsiA,GRwxQfJQTKBL,0,GRwxQfJQTKBL,NDhwkGsiA,8016,inUMsiJ,GRwxQfJQTKBL
506,2024-06-26,ZfCsWNBscls,2658798.76780398,NDhwkGsiA,GRwxQfJQTKBL,0,GRwxQfJQTKBL,NDhwkGsiA,7191,ZfCsWNBscls,GRwxQfJQTKBL
507,2024-06-11,tpEt,1496728.7173601794,NDhwkGsiA,MBzDq,0,MBzDq,NDhwkGsiA,2514,tpEt,MBzDq
508,2024-02-02,yLfxDL,2569939.280564523,yIo,myO,0,myO,yIo,3598,yLfxDL,myO
509,2024-06-27,JMD,2658557.5336699327,NDhwkGsiA,myO,0,myO,NDhwkGsiA,2001,JMD,myO
510,2024-04-10,ZfCsWNBscls,1940965.7365044607,NDhwkGsiA,CBY,0,CBY,NDhwkGsiA,2033,ZfCsWNBscls,CBY
511,2024-09-24,JMD,939072.5504957028,NDhwkGsiA,GRwxQfJQTKBL,0,GRwxQfJQTKBL,NDhwkGsiA,7899,JMD,GRwxQfJQTKBL
512,2024-11-18,ZfCsWNBscls,1696089.0064527837,NDhwkGsiA,MBzDq,0,MBzDq,NDhwkGsiA,9465,ZfCsWNBscls,MBzDq
513,2024-03-05,ZfCsWNBscls,2648497.2732805545,NDhwkGsiA,GRwxQfJQTKBL,0,GRwxQfJQTKBL,NDhwkGsiA,6051,ZfCsWNBscls,GRwxQfJQTKBL
514,2024-06-16,tpEt,1988565.9688505589,yIo,SWYTGGPKKLR,0,SWYTGGPKKLR,yIo,5476,tpEt,SWYTGGPKKLR
515,2024-11-25,JMD,1500348.8838525447,yIo,GRwxQfJQTKBL,0,GRwxQfJQTKBL,yIo,1478,JMD,GRwxQfJQTKBL
516,2024-02-12,JMD,1747612.5393858913,yIo,GRwxQfJQTKBL,0,GRwxQfJQTKBL,yIo,1515,JMD,GRwxQfJQTKBL
517,2024-02-13,yLfxDL,2420310.0132522765,NDhwkGsiA,myO,0,myO,NDhwkGsiA,2191,yLfxDL,myO
518,2024-10-11,yLfxDL,2273366.7841006895,yIo,MBzDq,0,MBzDq,yIo,7297,yLfxDL,MBzDq
519,2024-11-09,tpEt,1880533.9504151528,yIo,MBzDq,1,GRwxQfJQTKBL,yIo,1271,tpEt,GRwxQfJQTKBL
520,2024-04-04,tpEt,1816587.794092656,yIo,myO,0,myO,yIo,9334,tpEt,myO
521,2024-10-28,inUMsiJ,1804120.9254780891,NDhwkGsiA,CBY,0,CBY,NDhwkGsiA,8778,inUMsiJ,CBY
522,2024-09-09,yLfxDL,1538794.9077507488,NDhwkGsiA,myO,0,myO,NDhwkGsiA,7008,yLfxDL,myO
523,2024-08-29,ZfCsWNBscls,2807687.844734721,yIo,myO,0,myO,yIo,8987,ZfCsWNBscls,myO
524,2024-02-04,JMD,1838839.76539433,yIo,myO,0,myO,yIo,4332,JMD,myO
525,2024-08-02,tpEt,2608579.260412748,NDhwkGsiA,GRwxQfJQTKBL,0,GRwxQfJQTKBL,NDhwkGsiA,1787,tpEt,GRwxQfJQTKBL
526,2024-12-02,JMD,2760658.025961226,NDhwkGsiA,GRwxQfJQTKBL,0,GRwxQfJQTKBL,NDhwkGsiA,7222,JMD,GRwxQfJQTKBL
527,2024-03-30,JMD,2499155.44907398,yIo,CBY,0,CBY,yIo,1622,JMD,CBY
528,2024-09-20,inUMsiJ,1784189.843640976,NDhwkGsiA,SWYTGGPKKLR,0,SWYTGGPKKLR,NDhwkGsiA,4841,inUMsiJ,SWYTGGPKKLR
529,2024-04-02,yLfxDL,2201865.045168305,yIo,SWYTGGPKKLR,0,SWYTGGPKKLR,yIo,4676,yLfxDL,SWYTGGPKKLR
530,2024-03-30,tpEt,1987902.1968045419,NDhwkGsiA,SWYTGGPKKLR,0,SWYTGGPKKLR,NDhwkGsiA,3572,tpEt,SWYTGGPKKLR
531,2024-04-24,JMD,1548149.0696349358,yIo,CBY,0,CBY,yIo,7915,JMD,CBY
532,2024-04-14,tpEt,2162179.6408608016,yIo,SWYTGGPKKLR,0,SWYTGGPKKLR,yIo,6033,tpEt,SWYTGGPKKLR
533,2024-07-14,ZfCsWNBscls,1410480.1044200987,NDhwkGsiA,SWYTGGPKKLR,0,SWYTGGPKKLR,NDhwkGsiA,8788,ZfCsWNBscls,SWYTGGPKKLR
534,2024-11-09,JMD,5160285.199138706,yIo,SWYTGGPKKLR,1,myO,yIo,6214,inUMsiJ,myO
535,2024-04-23,ZfCsWNBscls,1767691.3513508034,yIo,GRwxQfJQTKBL,0,GRwxQfJQTKBL,yIo,5712,ZfCsWNBscls,GRwxQfJQTKBL
536,2024-03-15,tpEt,2100579.8279364198,yIo,GRwxQfJQTKBL,0,GRwxQfJQTKBL,yIo,1066,tpEt,GRwxQfJQTKBL
537,2024-08-04,tpEt,2141643.935773071,NDhwkGsiA,myO,0,myO,NDhwkGsiA,8533,tpEt,myO
538,2024-10-03,yLfxDL,1870547.5131479613,NDhwkGsiA,myO,0,myO,NDhwkGsiA,5616,yLfxDL,myO
539,2024-09-05,JMD,2293346.900737637,NDhwkGsiA,myO,0,myO,NDhwkGsiA,2140,JMD,myO
540,2024-06-12,JMD,1762548.1716887378,yIo,GRwxQfJQTKBL,0,GRwxQfJQTKBL,yIo,6730,JMD,GRwxQfJQTKBL
541,2024-12-22,ZfCsWNBscls,2435648.648728622,NDhwkGsiA,SWYTGGPKKLR,0,SWYTGGPKKLR,NDhwkGsiA,8465,ZfCsWNBscls,SWYTGGPKKLR
542,2024-07-10,inUMsiJ,1327010.1598766258,yIo,myO,0,myO,yIo,5471,inUMsiJ,myO
543,2024-08-14,JMD,2063189.789773206,yIo,CBY,0,CBY,yIo,4339,JMD,CBY
544,2024-06-25,yLfxDL,2969464.4995291424,NDhwkGsiA,myO,0,myO,NDhwkGsiA,1548,yLfxDL,myO
545,2024-04-08,ZfCsWNBscls,1499834.3376972126,NDhwkGsiA,MBzDq,0,MBzDq,NDhwkGsiA,8675,ZfCsWNBscls,MBzDq
546,2024-02-05,ZfCsWNBscls,1661127.5147375744,yIo,myO,0,myO,yIo,9264,ZfCsWNBscls,myO
547,2024-04-05,yLfxDL,2256953.9248294574,yIo,GRwxQfJQTKBL,0,GRwxQfJQTKBL,yIo,1198,yLfxDL,GRwxQfJQTKBL
548,2024-05-31,inUMsiJ,2089790.890969799,NDhwkGsiA,myO,0,myO,NDhwkGsiA,1571,inUMsiJ,myO
549,2024-05-30,yLfxDL,2175315.04963678,NDhwkGsiA,MBzDq,0,MBzDq,NDhwkGsiA,1790,yLfxDL,MBzDq
550,2024-07-08,inUMsiJ,2244593.565073832,NDhwkGsiA,CBY,0,CBY,NDhwkGsiA,2174,inUMsiJ,CBY
551,2024-08-11,yLfxDL,2317360.734280885,yIo,SWYTGGPKKLR,0,SWYTGGPKKLR,yIo,1178,yLfxDL,SWYTGGPKKLR
552,2024-02-06,yLfxDL,2554849.9209781117,yIo,myO,0,myO,yIo,3244,yLfxDL,myO
553,2024-09-24,tpEt,2204909.328464256,yIo,MBzDq,0,MBzDq,yIo,5086,tpEt,MBzDq
554,2024-07-01,ZfCsWNBscls,1879371.1726907287,yIo,MBzDq,0,MBzDq,yIo,1734,ZfCsWNBscls,MBzDq
555,2024-01-13,yLfxDL,2336286.850601366,yIo,CBY,0,CBY,yIo,7232,yLfxDL,CBY
556,2024-10-05,yLfxDL,2949940.967447608,NDhwkGsiA,GRwxQfJQTKBL,0,GRwxQfJQTKBL,NDhwkGsiA,1798,yLfxDL,GRwxQfJQTKBL
557,2024-08-04,JMD,1933683.1268087132,NDhwkGsiA,myO,0,myO,NDhwkGsiA,8601,JMD,myO
558,2024-12-20,ZfCsWNBscls,1512735.3476646794,yIo,MBzDq,0,MBzDq,yIo,9979,ZfCsWNBscls,MBzDq
559,2024-12-26,JMD,2553540.3346434864,yIo,CBY,0,CBY,yIo,3795,JMD,CBY
560,2024-10-12,ZfCsWNBscls,1939809.418023201,NDhwkGsiA,SWYTGGPKKLR,0,SWYTGGPKKLR,NDhwkGsiA,5588,ZfCsWNBscls,SWYTGGPKKLR
561,2024-09-29,JMD,913665.226992982,NDhwkGsiA,MBzDq,0,MBzDq,NDhwkGsiA,8297,JMD,MBzDq
562,2024-03-02,yLfxDL,2423710.838575211,NDhwkGsiA,CBY,0,CBY,NDhwkGsiA,4084,yLfxDL,CBY
563,2024-03-24,yLfxDL,1732335.9070230387,NDhwkGsiA,GRwxQfJQTKBL,0,GRwxQfJQTKBL,NDhwkGsiA,1731,yLfxDL,GRwxQfJQTKBL
564,2024-08-04,tpEt,1954733.3588479196,yIo,GRwxQfJQTKBL,0,GRwxQfJQTKBL,yIo,2129,tpEt,GRwxQfJQTKBL
565,2024-12-07,JMD,2165990.1652845074,NDhwkGsiA,MBzDq,0,MBzDq,NDhwkGsiA,2605,JMD,MBzDq
566,2024-07-05,inUMsiJ,2095249.8398895331,yIo,MBzDq,0,MBzDq,yIo,3933,inUMsiJ,MBzDq
567,2024-01-19,tpEt,2354725.90856952,NDhwkGsiA,myO,0,myO,NDhwkGsiA,9516,tpEt,myO
568,2024-06-25,JMD,1782256.8147150783,NDhwkGsiA,CBY,0,CBY,NDhwkGsiA,6074,JMD,CBY
569,2024-04-09,JMD,2256552.8990880414,NDhwkGsiA,MBzDq,0,MBzDq,NDhwkGsiA,8099,JMD,MBzDq
570,2024-08-20,tpEt,1870226.6612080415,yIo,myO,0,myO,yIo,2490,tpEt,myO
571,2024-03-16,yLfxDL,2369405.2404437517,yIo,myO,0,myO,yIo,1893,yLfxDL,myO
572,2024-09-21,JMD,2307683.742006527,NDhwkGsiA,MBzDq,0,MBzDq,NDhwkGsiA,2390,JMD,MBzDq
573,2024-10-10,yLfxDL,1532280.6489777023,yIo,GRwxQfJQTKBL,0,GRwxQfJQTKBL,yIo,4389,yLfxDL,GRwxQfJQTKBL
574,2024-07-24,tpEt,2542991.058087516,yIo,CBY,0,CBY,yIo,5239,tpEt,CBY
575,2024-08-10,yLfxDL,1732018.277442976,NDhwkGsiA,CBY,0,CBY,NDhwkGsiA,5479,yLfxDL,CBY
576,2024-02-21,ZfCsWNBscls,2404028.8991405726,NDhwkGsiA,GRwxQfJQTKBL,0,GRwxQfJQTKBL,NDhwkGsiA,3263,ZfCsWNBscls,GRwxQfJQTKBL
577,2024-12-04,inUMsiJ,2183643.6567006703,yIo,MBzDq,0,MBzDq,yIo,4432,inUMsiJ,MBzDq
578,2024-05-23,JMD,2919091.838397561,yIo,CBY,0,CBY,yIo,3371,JMD,CBY
579,2024-03-09,inUMsiJ,1888267.0088140739,yIo,MBzDq,0,MBzDq,yIo,5312,inUMsiJ,MBzDq
580,2024-04-08,yLfxDL,1825341.6019409013,NDhwkGsiA,MBzDq,0,MBzDq,NDhwkGsiA,2515,yLfxDL,MBzDq
581,2024-01-25,JMD,1990290.1970561338,NDhwkGsiA,myO,0,myO,NDhwkGsiA,7326,JMD,myO
582,2024-02-22,yLfxDL,1848410.1085828622,yIo,GRwxQfJQTKBL,0,GRwxQfJQTKBL,yIo,8088,yLfxDL,GRwxQfJQTKBL
583,2024-05-30,ZfCsWNBscls,2399970.950971025,NDhwkGsiA,MBzDq,0,MBzDq,NDhwkGsiA,6586,ZfCsWNBscls,MBzDq
584,2024-05-23,tpEt,1191844.695781706,NDhwkGsiA,SWYTGGPKKLR,0,SWYTGGPKKLR,NDhwkGsiA,3917,tpEt,SWYTGGPKKLR
585,2024-02-26,JMD,1473158.7904268228,yIo,GRwxQfJQTKBL,0,GRwxQfJQTKBL,yIo,6731,JMD,GRwxQfJQTKBL
586,2024-02-08,ZfCsWNBscls,1466098.5392104033,yIo,CBY,0,CBY,yIo,8686,ZfCsWNBscls,CBY
587,2024-04-18,ZfCsWNBscls,2475153.795986788,NDhwkGsiA,myO,0,myO,NDhwkGsiA,2167,ZfCsWNBscls,myO
588,2024-06-29,JMD,2855306.6862909626,NDhwkGsiA,CBY,0,CBY,NDhwkGsiA,9302,JMD,CBY
589,2024-02-11,yLfxDL,1947775.3907312644,yIo,CBY,0,CBY,yIo,6109,yLfxDL,CBY
590,2024-07-04,ZfCsWNBscls,1915589.1384049947,NDhwkGsiA,GRwxQfJQTKBL,0,GRwxQfJQTKBL,NDhwkGsiA,5327,ZfCsWNBscls,GRwxQfJQTKBL
591,2024-08-10,inUMsiJ,2035026.0815565907,NDhwkGsiA,CBY,0,CBY,NDhwkGsiA,6810,inUMsiJ,CBY
592,2024-05-01,ZfCsWNBscls,2580939.151304095,yIo,MBzDq,0,MBzDq,yIo,4655,ZfCsWNBscls,MBzDq
593,2024-05-12,yLfxDL,1536323.4329047129,yIo,CBY,0,CBY,yIo,4793,yLfxDL,CBY
594,2024-06-11,yLfxDL,2119184.4913673927,NDhwkGsiA,myO,0,myO,NDhwkGsiA,7738,yLfxDL,myO
595,2024-08-02,inUMsiJ,2487598.814891215,NDhwkGsiA,myO,0,myO,NDhwkGsiA,2577,inUMsiJ,myO
596,2024-08-08,ZfCsWNBscls,2250547.0849699224,NDhwkGsiA,SWYTGGPKKLR,0,SWYTGGPKKLR,NDhwkGsiA,3220,ZfCsWNBscls,SWYTGGPKKLR
597,2024-08-22,yLfxDL,2094790.8082993717,yIo,myO,0,myO,yIo,2030,yLfxDL,myO
598,2024-11-26,JMD,2500523.0462835706,NDhwkGsiA,CBY,0,CBY,NDhwkGsiA,7691,JMD,CBY
599,2024-05-25,tpEt,648383.8535003813,NDhwkGsiA,myO,0,myO,NDhwkGsiA,4992,tpEt,myO
600,2024-08-26,tpEt,2338937.659765454,yIo,GRwxQfJQTKBL,0,GRwxQfJQTKBL,yIo,1913,tpEt,GRwxQfJQTKBL
601,2024-03-16,tpEt,1672962.1584362881,yIo,myO,0,myO,yIo,7358,tpEt,myO
602,2024-01-09,ZfCsWNBscls,1084683.5515717715,NDhwkGsiA,MBzDq,0,MBzDq,NDhwkGsiA,3181,ZfCsWNBscls,MBzDq
603,2024-03-14,inUMsiJ,2255601.29976249,yIo,GRwxQfJQTKBL,0,GRwxQfJQTKBL,yIo,4197,inUMsiJ,GRwxQfJQTKBL
604,2024-09-09,yLfxDL,2686829.2725814786,yIo,SWYTGGPKKLR,0,SWYTGGPKKLR,yIo,7040,yLfxDL,SWYTGGPKKLR
605,2024-08-17,JMD,1931275.742686154,NDhwkGsiA,MBzDq,0,MBzDq,NDhwkGsiA,2462,JMD,MBzDq
606,2024-01-07,JMD,2476437.2736014696,yIo,CBY,0,CBY,yIo,8037,JMD,CBY
607,2024-06-22,ZfCsWNBscls,2806139.128994323,yIo,CBY,0,CBY,yIo,5994,ZfCsWNBscls,CBY
608,2024-05-20,tpEt,2657457.2267920235,NDhwkGsiA,CBY,0,CBY,NDhwkGsiA,6308,tpEt,CBY
609,2024-06-16,ZfCsWNBscls,2819982.2646856965,yIo,MBzDq,0,MBzDq,yIo,7221,ZfCsWNBscls,MBzDq
610,2024-06-18,inUMsiJ,2371063.745535946,NDhwkGsiA,MBzDq,0,MBzDq,NDhwkGsiA,8090,inUMsiJ,MBzDq
611,2024-10-09,inUMsiJ,2037716.8194507963,NDhwkGsiA,MBzDq,0,MBzDq,NDhwkGsiA,8769,inUMsiJ,MBzDq
612,2024-05-01,yLfxDL,1199017.0940514158,yIo,GRwxQfJQTKBL,0,GRwxQfJQTKBL,yIo,1687,yLfxDL,GRwxQfJQTKBL
613,2024-07-12,yLfxDL,1876968.7559350256,yIo,GRwxQfJQTKBL,0,GRwxQfJQTKBL,yIo,5661,yLfxDL,GRwxQfJQTKBL
614,2024-01-05,inUMsiJ,1578376.7023419042,yIo,CBY,0,CBY,yIo,2894,inUMsiJ,CBY
615,2024-01-29,inUMsiJ,3085471.358748907,NDhwkGsiA,myO,0,myO,NDhwkGsiA,8389,inUMsiJ,myO
616,2024-06-13,inUMsiJ,1912057.0937838317,yIo,CBY,0,CBY,yIo,5922,inUMsiJ,CBY
617,2024-12-04,ZfCsWNBscls,2061602.4033922427,NDhwkGsiA,SWYTGGPKKLR,0,SWYTGGPKKLR,NDhwkGsiA,7322,ZfCsWNBscls,SWYTGGPKKLR
618,2024-05-15,inUMsiJ,2275742.688020234,yIo,GRwxQfJQTKBL,0,GRwxQfJQTKBL,yIo,4183,inUMsiJ,GRwxQfJQTKBL
619,2024-12-30,JMD,2021801.2231862268,yIo,MBzDq,0,MBzDq,yIo,4797,JMD,MBzDq
620,2024-11-16,tpEt,2847525.5202153763,yIo,GRwxQfJQTKBL,0,GRwxQfJQTKBL,yIo,6178,tpEt,GRwxQfJQTKBL
621,2024-12-07,inUMsiJ,1688675.3191327741,NDhwkGsiA,MBzDq,0,MBzDq,NDhwkGsiA,4968,inUMsiJ,MBzDq
622,2024-05-24,tpEt,2097303.727618621,yIo,SWYTGGPKKLR,0,SWYTGGPKKLR,yIo,3716,tpEt,SWYTGGPKKLR
623,2024-11-22,ZfCsWNBscls,1628764.707150976,yIo,SWYTGGPKKLR,0,SWYTGGPKKLR,yIo,1190,ZfCsWNBscls,SWYTGGPKKLR
624,2024-08-04,tpEt,1339988.7443896472,NDhwkGsiA,GRwxQfJQTKBL,0,GRwxQfJQTKBL,NDhwkGsiA,2335,tpEt,GRwxQfJQTKBL
625,2024-10-27,ZfCsWNBscls,4262306.527182516,NDhwkGsiA,MBzDq,1,MBzDq,NDhwkGsiA,9181,ZfCsWNBscls,MBzDq
626,2024-05-11,JMD,1981481.601475794,yIo,SWYTGGPKKLR,0,SWYTGGPKKLR,yIo,1378,JMD,SWYTGGPKKLR
627,2024-10-18,ZfCsWNBscls,1785348.8877413701,yIo,CBY,0,CBY,yIo,4829,ZfCsWNBscls,CBY
628,2024-03-10,ZfCsWNBscls,1653789.510063072,yIo,CBY,0,CBY,yIo,7380,ZfCsWNBscls,CBY
629,2024-09-08,yLfxDL,1296841.2681640831,NDhwkGsiA,MBzDq,0,MBzDq,NDhwkGsiA,1615,yLfxDL,MBzDq
630,2024-10-01,inUMsiJ,1958447.2136856527,NDhwkGsiA,GRwxQfJQTKBL,0,GRwxQfJQTKBL,NDhwkGsiA,3330,inUMsiJ,GRwxQfJQTKBL
631,2024-12-29,inUMsiJ,1247639.812984499,NDhwkGsiA,SWYTGGPKKLR,0,SWYTGGPKKLR,NDhwkGsiA,2754,inUMsiJ,SWYTGGPKKLR
632,2024-06-30,JMD,2380027.9818448015,NDhwkGsiA,GRwxQfJQTKBL,0,GRwxQfJQTKBL,NDhwkGsiA,1463,JMD,GRwxQfJQTKBL
633,2024-06-15,JMD,2041219.8764672517,yIo,CBY,0,CBY,yIo,5267,JMD,CBY
634,2024-03-31,inUMsiJ,1271224.2502675347,NDhwkGsiA,SWYTGGPKKLR,0,SWYTGGPKKLR,NDhwkGsiA,4158,inUMsiJ,SWYTGGPKKLR
635,2024-07-20,yLfxDL,1845395.4614750682,NDhwkGsiA,GRwxQfJQTKBL,0,GRwxQfJQTKBL,NDhwkGsiA,4624,yLfxDL,GRwxQfJQTKBL
636,2024-12-11,inUMsiJ,1623921.7972047084,NDhwkGsiA,myO,0,myO,NDhwkGsiA,5938,inUMsiJ,myO
637,2024-01-19,yLfxDL,2159587.2552095903,yIo,MBzDq,0,MBzDq,yIo,6417,yLfxDL,MBzDq
638,2024-02-08,JMD,2670225.2230115724,yIo,MBzDq,0,MBzDq,yIo,7004,JMD,MBzDq
639,2024-05-05,tpEt,1062413.7651771277,NDhwkGsiA,myO,0,myO,NDhwkGsiA,9881,tpEt,myO
640,2024-06-21,JMD,2057513.0395737085,NDhwkGsiA,CBY,0,CBY,NDhwkGsiA,6603,JMD,CBY
641,2024-05-20,JMD,1919933.6022166798,yIo,SWYTGGPKKLR,0,SWYTGGPKKLR,yIo,3212,JMD,SWYTGGPKKLR
642,2024-08-29,ZfCsWNBscls,2335670.0382252326,yIo,MBzDq,0,MBzDq,yIo,7120,ZfCsWNBscls,MBzDq
643,2024-08-07,ZfCsWNBscls,2106598.3141188445,yIo,myO,0,myO,yIo,6818,ZfCsWNBscls,myO
644,2024-05-05,ZfCsWNBscls,1624015.3341305903,yIo,myO,0,myO,yIo,1382,ZfCsWNBscls,myO
645,2024-02-27,ZfCsWNBscls,1840473.032166691,yIo,CBY,0,CBY,yIo,3256,ZfCsWNBscls,CBY
646,2024-05-27,yLfxDL,1601987.0715982555,yIo,CBY,0,CBY,yIo,2412,yLfxDL,CBY
647,2024-11-12,inUMsiJ,2538003.5692992993,yIo,GRwxQfJQTKBL,0,GRwxQfJQTKBL,yIo,7146,inUMsiJ,GRwxQfJQTKBL
648,2024-12-26,tpEt,2010655.8243359711,yIo,MBzDq,0,MBzDq,yIo,1371,tpEt,MBzDq
649,2024-01-01,JMD,2950595.3428765037,NDhwkGsiA,GRwxQfJQTKBL,0,GRwxQfJQTKBL,NDhwkGsiA,6806,JMD,GRwxQfJQTKBL
650,2024-12-13,yLfxDL,1969669.5930926895,NDhwkGsiA,myO,0,myO,NDhwkGsiA,6565,yLfxDL,myO
651,2024-07-08,tpEt,1645796.6165447687,NDhwkGsiA,SWYTGGPKKLR,0,SWYTGGPKKLR,NDhwkGsiA,9802,tpEt,SWYTGGPKKLR
652,2024-07-09,yLfxDL,1243142.8036935865,NDhwkGsiA,SWYTGGPKKLR,0,SWYTGGPKKLR,NDhwkGsiA,9307,yLfxDL,SWYTGGPKKLR
653,2024-11-07,yLfxDL,1098430.1618720274,NDhwkGsiA,CBY,0,CBY,NDhwkGsiA,8437,yLfxDL,CBY
654,2024-04-26,JMD,1207932.0284972552,NDhwkGsiA,SWYTGGPKKLR,0,SWYTGGPKKLR,NDhwkGsiA,1446,JMD,SWYTGGPKKLR
655,2024-05-13,inUMsiJ,2133563.325505742,yIo,SWYTGGPKKLR,0,SWYTGGPKKLR,yIo,2391,inUMsiJ,SWYTGGPKKLR
656,2024-02-27,ZfCsWNBscls,2254362.511614967,yIo,SWYTGGPKKLR,0,SWYTGGPKKLR,yIo,2340,ZfCsWNBscls,SWYTGGPKKLR
657,2024-02-13,inUMsiJ,1209404.6489839333,NDhwkGsiA,myO,0,myO,NDhwkGsiA,3939,inUMsiJ,myO
658,2024-06-21,JMD,2447519.1570380577,NDhwkGsiA,SWYTGGPKKLR,0,SWYTGGPKKLR,NDhwkGsiA,6969,JMD,SWYTGGPKKLR
659,2024-06-08,JMD,1758469.4741582803,yIo,SWYTGGPKKLR,0,SWYTGGPKKLR,yIo,5813,JMD,SWYTGGPKKLR
660,2024-06-21,JMD,2073396.5059927746,yIo,SWYTGGPKKLR,0,SWYTGGPKKLR,yIo,4569,JMD,SWYTGGPKKLR
661,2024-11-12,tpEt,2806110.314127712,yIo,GRwxQfJQTKBL,0,GRwxQfJQTKBL,yIo,6454,tpEt,GRwxQfJQTKBL
662,2024-10-29,inUMsiJ,2448419.657932766,NDhwkGsiA,myO,0,myO,NDhwkGsiA,4150,inUMsiJ,myO
663,2024-05-28,inUMsiJ,1865734.676047084,yIo,CBY,0,CBY,yIo,7414,inUMsiJ,CBY
664,2024-03-20,yLfxDL,1554403.8872923562,NDhwkGsiA,GRwxQfJQTKBL,0,GRwxQfJQTKBL,NDhwkGsiA,5657,yLfxDL,GRwxQfJQTKBL
665,2024-07-31,yLfxDL,924092.2993353475,NDhwkGsiA,MBzDq,0,MBzDq,NDhwkGsiA,7947,yLfxDL,MBzDq
666,2024-07-21,yLfxDL,1640423.34037879,yIo,myO,0,myO,yIo,8943,yLfxDL,myO
667,2024-09-08,JMD,1894434.880586153,yIo,myO,0,myO,yIo,4662,JMD,myO
668,2024-08-16,inUMsiJ,1506410.236424408,NDhwkGsiA,MBzDq,0,MBzDq,NDhwkGsiA,5482,inUMsiJ,MBzDq
669,2024-06-12,JMD,1934371.5164538478,yIo,MBzDq,0,MBzDq,yIo,5797,JMD,MBzDq
670,2024-08-14,tpEt,2038425.9414793842,yIo,MBzDq,0,MBzDq,yIo,6068,tpEt,MBzDq
671,2024-05-26,yLfxDL,1887572.0090959608,NDhwkGsiA,CBY,0,CBY,NDhwkGsiA,6480,yLfxDL,CBY
672,2024-01-20,JMD,1674998.7095882702,yIo,SWYTGGPKKLR,0,SWYTGGPKKLR,yIo,9033,JMD,SWYTGGPKKLR
673,2024-02-16,JMD,2084327.335983364,NDhwkGsiA,myO,0,myO,NDhwkGsiA,1983,JMD,myO
674,2024-08-20,tpEt,2220970.3247847045,NDhwkGsiA,SWYTGGPKKLR,0,SWYTGGPKKLR,NDhwkGsiA,6607,tpEt,SWYTGGPKKLR
675,2024-10-31,ZfCsWNBscls,1454800.4612785769,yIo,SWYTGGPKKLR,0,SWYTGGPKKLR,yIo,9543,ZfCsWNBscls,SWYTGGPKKLR
676,2024-01-14,inUMsiJ,2705466.189873135,NDhwkGsiA,MBzDq,0,MBzDq,NDhwkGsiA,2907,inUMsiJ,MBzDq
677,2024-05-22,ZfCsWNBscls,1950705.9338578691,NDhwkGsiA,CBY,0,CBY,NDhwkGsiA,7924,ZfCsWNBscls,CBY
678,2024-01-01,yLfxDL,2009424.8114724238,yIo,GRwxQfJQTKBL,0,GRwxQfJQTKBL,yIo,9737,yLfxDL,GRwxQfJQTKBL
679,2024-02-23,JMD,2354107.2116282787,yIo,CBY,0,CBY,yIo,5174,JMD,CBY
680,2024-09-15,tpEt,2116608.065631751,yIo,SWYTGGPKKLR,0,SWYTGGPKKLR,yIo,8265,tpEt,SWYTGGPKKLR
681,2024-05-23,tpEt,2476568.3169566225,NDhwkGsiA,CBY,0,CBY,NDhwkGsiA,2990,tpEt,CBY
682,2024-01-12,inUMsiJ,2143562.082600912,NDhwkGsiA,MBzDq,0,MBzDq,NDhwkGsiA,6596,inUMsiJ,MBzDq
683,2024-11-25,ZfCsWNBscls,1693781.312679781,yIo,GRwxQfJQTKBL,0,GRwxQfJQTKBL,yIo,4998,ZfCsWNBscls,GRwxQfJQTKBL
684,2024-08-11,inUMsiJ,2180751.762603051,NDhwkGsiA,MBzDq,0,MBzDq,NDhwkGsiA,4775,inUMsiJ,MBzDq
685,2024-09-28,JMD,1428136.8963396691,yIo,GRwxQfJQTKBL,0,GRwxQfJQTKBL,yIo,5645,JMD,GRwxQfJQTKBL
686,2024-12-23,inUMsiJ,2054279.8528882617,yIo,SWYTGGPKKLR,0,SWYTGGPKKLR,yIo,3061,inUMsiJ,SWYTGGPKKLR
687,2024-06-04,tpEt,1983385.0046777695,NDhwkGsiA,GRwxQfJQTKBL,0,GRwxQfJQTKBL,NDhwkGsiA,5487,tpEt,GRwxQfJQTKBL
688,2024-01-08,tpEt,1895941.5713637301,yIo,GRwxQfJQTKBL,0,GRwxQfJQTKBL,yIo,5435,tpEt,GRwxQfJQTKBL
689,2024-05-01,yLfxDL,1935731.2442805346,NDhwkGsiA,GRwxQfJQTKBL,0,GRwxQfJQTKBL,NDhwkGsiA,3644,yLfxDL,GRwxQfJQTKBL
690,2024-12-13,yLfxDL,1059075.4772511804,NDhwkGsiA,CBY,0,CBY,NDhwkGsiA,2045,yLfxDL,CBY
691,2024-06-12,JMD,1725637.5461295191,yIo,CBY,0,CBY,yIo,8951,JMD,CBY
692,2024-03-30,ZfCsWNBscls,2046422.4505705573,NDhwkGsiA,SWYTGGPKKLR,0,SWYTGGPKKLR,NDhwkGsiA,7449,ZfCsWNBscls,SWYTGGPKKLR
693,2024-05-15,inUMsiJ,2079928.1959987,yIo,GRwxQfJQTKBL,0,GRwxQfJQTKBL,yIo,3681,inUMsiJ,GRwxQfJQTKBL
694,2024-07-04,JMD,1486162.4295370209,NDhwkGsiA,myO,0,myO,NDhwkGsiA,4199,JMD,myO
695,2024-11-11,yLfxDL,2632853.9204323506,NDhwkGsiA,SWYTGGPKKLR,0,SWYTGGPKKLR,NDhwkGsiA,7768,yLfxDL,SWYTGGPKKLR
696,2024-06-26,inUMsiJ,1566912.5758927497,NDhwkGsiA,GRwxQfJQTKBL,0,GRwxQfJQTKBL,NDhwkGsiA,8440,inUMsiJ,GRwxQfJQTKBL
697,2024-01-28,yLfxDL,2484728.6002633683,yIo,GRwxQfJQTKBL,0,GRwxQfJQTKBL,yIo,9633,yLfxDL,GRwxQfJQTKBL
698,2024-08-07,inUMsiJ,2213597.1809358425,NDhwkGsiA,CBY,0,CBY,NDhwkGsiA,3550,inUMsiJ,CBY
699,2024-12-22,ZfCsWNBscls,1676886.3450780986,yIo,SWYTGGPKKLR,0,SWYTGGPKKLR,yIo,5225,ZfCsWNBscls,SWYTGGPKKLR
700,2024-02-10,JMD,2887655.446304756,NDhwkGsiA,GRwxQfJQTKBL,0,GRwxQfJQTKBL,NDhwkGsiA,1596,JMD,GRwxQfJQTKBL
701,2024-08-15,inUMsiJ,1403181.58412176,NDhwkGsiA,GRwxQfJQTKBL,0,GRwxQfJQTKBL,NDhwkGsiA,7054,inUMsiJ,GRwxQfJQTKBL
702,2024-07-10,tpEt,2459577.086805001,yIo,SWYTGGPKKLR,0,SWYTGGPKKLR,yIo,2505,tpEt,SWYTGGPKKLR
703,2024-05-24,tpEt,2500291.1590214893,yIo,myO,0,myO,yIo,7468,tpEt,myO
704,2024-07-19,inUMsiJ,1664689.8954616776,yIo,SWYTGGPKKLR,0,SWYTGGPKKLR,yIo,8236,inUMsiJ,SWYTGGPKKLR
705,2024-07-30,inUMsiJ,2696232.6500321645,yIo,SWYTGGPKKLR,0,SWYTGGPKKLR,yIo,2551,inUMsiJ,SWYTGGPKKLR
706,2024-08-07,inUMsiJ,1874976.7427005237,yIo,myO,0,myO,yIo,7852,inUMsiJ,myO
707,2024-08-27,tpEt,2144346.8146399288,NDhwkGsiA,SWYTGGPKKLR,0,SWYTGGPKKLR,NDhwkGsiA,2449,tpEt,SWYTGGPKKLR
708,2024-02-15,tpEt,2130160.91938561,NDhwkGsiA,GRwxQfJQTKBL,0,GRwxQfJQTKBL,NDhwkGsiA,6953,tpEt,GRwxQfJQTKBL
709,2024-02-04,inUMsiJ,1932845.629264726,yIo,SWYTGGPKKLR,0,SWYTGGPKKLR,yIo,9456,inUMsiJ,SWYTGGPKKLR
710,2024-09-09,yLfxDL,2405404.136579891,NDhwkGsiA,myO,0,myO,NDhwkGsiA,9042,yLfxDL,myO
711,2024-03-22,yLfxDL,2396744.3602761067,NDhwkGsiA,MBzDq,0,MBzDq,NDhwkGsiA,3659,yLfxDL,MBzDq
712,2024-09-12,ZfCsWNBscls,1125734.0133809096,NDhwkGsiA,SWYTGGPKKLR,0,SWYTGGPKKLR,NDhwkGsiA,8509,ZfCsWNBscls,SWYTGGPKKLR
713,2024-07-15,JMD,2652170.121439076,yIo,CBY,0,CBY,yIo,8893,JMD,CBY
714,2024-10-29,yLfxDL,1168754.005982163,NDhwkGsiA,GRwxQfJQTKBL,0,GRwxQfJQTKBL,NDhwkGsiA,8445,yLfxDL,GRwxQfJQTKBL
715,2024-01-10,tpEt,2516273.1021708287,NDhwkGsiA,GRwxQfJQTKBL,0,GRwxQfJQTKBL,NDhwkGsiA,3721,tpEt,GRwxQfJQTKBL
716,2024-11-07,yLfxDL,2563352.5684137917,NDhwkGsiA,CBY,0,CBY,NDhwkGsiA,3925,yLfxDL,CBY
717,2024-10-12,ZfCsWNBscls,1454516.7848924007,yIo,CBY,0,CBY,yIo,8104,ZfCsWNBscls,CBY
718,2024-08-29,ZfCsWNBscls,1794592.8560227077,NDhwkGsiA,SWYTGGPKKLR,0,SWYTGGPKKLR,NDhwkGsiA,7240,ZfCsWNBscls,SWYTGGPKKLR
719,2024-09-07,JMD,1447147.665757032,NDhwkGsiA,CBY,0,CBY,NDhwkGsiA,1512,JMD,CBY
720,2024-12-30,yLfxDL,1892539.4848556323,yIo,MBzDq,0,MBzDq,yIo,1215,yLfxDL,MBzDq
721,2024-01-05,tpEt,1845982.8579071295,yIo,myO,0,myO,yIo,8299,tpEt,myO
722,2024-04-28,tpEt,2389830.26613467,NDhwkGsiA,CBY,0,CBY,NDhwkGsiA,4153,tpEt,CBY
723,2024-10-15,inUMsiJ,2655154.373059804,NDhwkGsiA,CBY,0,CBY,NDhwkGsiA,8450,inUMsiJ,CBY
724,2024-03-05,tpEt,2697841.905394978,yIo,MBzDq,0,MBzDq,yIo,2706,tpEt,MBzDq
725,2024-05-25,JMD,1718915.986710849,yIo,GRwxQfJQTKBL,0,GRwxQfJQTKBL,yIo,2567,JMD,GRwxQfJQTKBL
726,2024-08-11,JMD,1895389.063127736,yIo,GRwxQfJQTKBL,0,GRwxQfJQTKBL,yIo,2128,JMD,GRwxQfJQTKBL
727,2024-08-26,tpEt,1158280.9038895248,yIo,SWYTGGPKKLR,0,SWYTGGPKKLR,yIo,4510,tpEt,SWYTGGPKKLR
728,2024-06-25,tpEt,1597064.9667519056,yIo,MBzDq,0,MBzDq,yIo,8867,tpEt,MBzDq
729,2024-09-23,inUMsiJ,2482425.816548729,yIo,myO,0,myO,yIo,3365,inUMsiJ,myO
730,2024-12-06,tpEt,2807791.4117741156,yIo,myO,0,myO,yIo,6583,tpEt,myO
731,2024-10-08,inUMsiJ,1382825.564060039,NDhwkGsiA,MBzDq,0,MBzDq,NDhwkGsiA,5897,inUMsiJ,MBzDq
732,2024-03-03,inUMsiJ,1703767.8704235528,yIo,myO,0,myO,yIo,6718,inUMsiJ,myO
733,2024-08-04,tpEt,1986797.1215205365,yIo,GRwxQfJQTKBL,0,GRwxQfJQTKBL,yIo,7001,tpEt,GRwxQfJQTKBL
734,2024-12-07,ZfCsWNBscls,2140080.5794098033,NDhwkGsiA,myO,0,myO,NDhwkGsiA,5567,ZfCsWNBscls,myO
735,2024-11-10,ZfCsWNBscls,1595198.240039177,yIo,myO,0,myO,yIo,3741,ZfCsWNBscls,myO
736,2024-10-09,inUMsiJ,2212030.522232045,yIo,MBzDq,0,MBzDq,yIo,4020,inUMsiJ,MBzDq
737,2024-06-25,tpEt,1763080.326464542,NDhwkGsiA,MBzDq,0,MBzDq,NDhwkGsiA,7256,tpEt,MBzDq
738,2024-04-07,ZfCsWNBscls,1992773.8645608604,yIo,myO,0,myO,yIo,1228,ZfCsWNBscls,myO
739,2024-04-14,tpEt,2273142.12400185,NDhwkGsiA,CBY,0,CBY,NDhwkGsiA,9362,tpEt,CBY
740,2024-04-08,tpEt,2003211.134905469,NDhwkGsiA,MBzDq,0,MBzDq,NDhwkGsiA,1294,tpEt,MBzDq
741,2024-11-06,tpEt,1781807.0547367157,NDhwkGsiA,SWYTGGPKKLR,0,SWYTGGPKKLR,NDhwkGsiA,5284,tpEt,SWYTGGPKKLR
742,2024-01-06,yLfxDL,1945195.0980370846,NDhwkGsiA,SWYTGGPKKLR,0,SWYTGGPKKLR,NDhwkGsiA,9617,yLfxDL,SWYTGGPKKLR
743,2024-07-15,tpEt,1955818.5203973323,yIo,GRwxQfJQTKBL,0,GRwxQfJQTKBL,yIo,7801,tpEt,GRwxQfJQTKBL
744,2024-12-16,yLfxDL,1814994.485058936,NDhwkGsiA,myO,0,myO,NDhwkGsiA,1918,yLfxDL,myO
745,2024-05-12,inUMsiJ,1870601.9686664487,NDhwkGsiA,CBY,0,CBY,NDhwkGsiA,1498,inUMsiJ,CBY
746,2024-12-23,ZfCsWNBscls,2799323.5852523586,yIo,GRwxQfJQTKBL,0,GRwxQfJQTKBL,yIo,3809,ZfCsWNBscls,GRwxQfJQTKBL
747,2024-09-15,ZfCsWNBscls,2280459.7239706195,NDhwkGsiA,myO,0,myO,NDhwkGsiA,5961,ZfCsWNBscls,myO
748,2024-01-23,ZfCsWNBscls,1852259.8409854197,NDhwkGsiA,MBzDq,0,MBzDq,NDhwkGsiA,4779,ZfCsWNBscls,MBzDq
749,2024-02-22,ZfCsWNBscls,2348477.2022553678,NDhwkGsiA,SWYTGGPKKLR,0,SWYTGGPKKLR,NDhwkGsiA,3118,ZfCsWNBscls,SWYTGGPKKLR
750,2024-06-13,ZfCsWNBscls,1833090.255121995,NDhwkGsiA,CBY,0,CBY,NDhwkGsiA,7391,ZfCsWNBscls,CBY
751,2024-07-20,ZfCsWNBscls,2586562.3187933206,yIo,SWYTGGPKKLR,0,SWYTGGPKKLR,yIo,1145,ZfCsWNBscls,SWYTGGPKKLR
752,2024-03-23,ZfCsWNBscls,2184821.096099047,NDhwkGsiA,MBzDq,0,MBzDq,NDhwkGsiA,8942,ZfCsWNBscls,MBzDq
753,2024-05-24,inUMsiJ,1946348.9279978855,yIo,myO,0,myO,yIo,5565,inUMsiJ,myO
754,2024-03-25,tpEt,2223858.4629051387,yIo,MBzDq,0,MBzDq,yIo,1192,tpEt,MBzDq
755,2024-03-18,JMD,1214561.9239657503,NDhwkGsiA,MBzDq,0,MBzDq,NDhwkGsiA,6187,JMD,MBzDq
756,2024-01-01,yLfxDL,1436616.2655450974,NDhwkGsiA,SWYTGGPKKLR,0,SWYTGGPKKLR,NDhwkGsiA,7637,yLfxDL,SWYTGGPKKLR
757,2024-02-20,JMD,1403037.4968004723,NDhwkGsiA,CBY,0,CBY,NDhwkGsiA,9243,JMD,CBY
758,2024-06-21,JMD,2071471.5473818535,NDhwkGsiA,MBzDq,0,MBzDq,NDhwkGsiA,3410,JMD,MBzDq
759,2024-07-23,tpEt,2866257.499742546,yIo,SWYTGGPKKLR,0,SWYTGGPKKLR,yIo,2820,tpEt,SWYTGGPKKLR
760,2024-09-16,tpEt,3115650.0730963163,yIo,CBY,0,CBY,yIo,3964,tpEt,CBY
761,2024-10-14,tpEt,2319025.5507203788,yIo,myO,0,myO,yIo,3521,tpEt,myO
762,2024-02-03,ZfCsWNBscls,2250422.2374722287,NDhwkGsiA,myO,0,myO,NDhwkGsiA,3568,ZfCsWNBscls,myO
763,2024-12-13,inUMsiJ,1099471.1329236305,yIo,GRwxQfJQTKBL,0,GRwxQfJQTKBL,yIo,6882,inUMsiJ,GRwxQfJQTKBL
764,2024-04-04,ZfCsWNBscls,1728663.1001329892,NDhwkGsiA,SWYTGGPKKLR,0,SWYTGGPKKLR,NDhwkGsiA,2867,ZfCsWNBscls,SWYTGGPKKLR
765,2024-03-12,inUMsiJ,1606108.1240458805,NDhwkGsiA,CBY,0,CBY,NDhwkGsiA,8465,inUMsiJ,CBY
766,2024-02-08,inUMsiJ,1689576.200874442,NDhwkGsiA,MBzDq,0,MBzDq,NDhwkGsiA,8602,inUMsiJ,MBzDq
767,2024-06-02,JMD,1915928.0907076052,NDhwkGsiA,myO,0,myO,NDhwkGsiA,4199,JMD,myO
768,2024-09-06,JMD,1763954.7111514364,NDhwkGsiA,CBY,0,CBY,NDhwkGsiA,7103,JMD,CBY
769,2024-06-10,inUMsiJ,1010350.0948121061,yIo,SWYTGGPKKLR,0,SWYTGGPKKLR,yIo,1240,inUMsiJ,SWYTGGPKKLR
770,2024-04-27,inUMsiJ,2373955.128058767,yIo,GRwxQfJQTKBL,0,GRwxQfJQTKBL,yIo,4440,inUMsiJ,GRwxQfJQTKBL
771,2024-09-15,ZfCsWNBscls,1463628.4871300966,NDhwkGsiA,myO,0,myO,NDhwkGsiA,5631,ZfCsWNBscls,myO
772,2024-11-01,ZfCsWNBscls,2119623.432055575,yIo,CBY,0,CBY,yIo,9274,ZfCsWNBscls,CBY
773,2024-09-24,JMD,3037041.3348749867,NDhwkGsiA,CBY,0,CBY,NDhwkGsiA,6077,JMD,CBY
774,2024-02-23,tpEt,1540307.7042067884,NDhwkGsiA,CBY,0,CBY,NDhwkGsiA,4768,tpEt,CBY
775,2024-08-23,inUMsiJ,734856.2386268352,NDhwkGsiA,SWYTGGPKKLR,0,SWYTGGPKKLR,NDhwkGsiA,8995,inUMsiJ,SWYTGGPKKLR
776,2024-08-09,ZfCsWNBscls,1856997.8890599445,yIo,SWYTGGPKKLR,0,SWYTGGPKKLR,yIo,9802,ZfCsWNBscls,SWYTGGPKKLR
777,2024-09-07,JMD,2550479.8174992856,NDhwkGsiA,SWYTGGPKKLR,0,SWYTGGPKKLR,NDhwkGsiA,7429,JMD,SWYTGGPKKLR
778,2024-11-08,ZfCsWNBscls,2979173.727110297,NDhwkGsiA,MBzDq,0,MBzDq,NDhwkGsiA,4605,ZfCsWNBscls,MBzDq
779,2024-04-21,inUMsiJ,1385225.2027737917,yIo,CBY,0,CBY,yIo,3173,inUMsiJ,CBY
780,2024-09-11,inUMsiJ,2248349.611618261,yIo,myO,0,myO,yIo,7568,inUMsiJ,myO
781,2024-10-29,yLfxDL,1767344.7716099734,yIo,SWYTGGPKKLR,0,SWYTGGPKKLR,yIo,3601,yLfxDL,SWYTGGPKKLR
782,2024-07-25,tpEt,1947025.822847932,NDhwkGsiA,SWYTGGPKKLR,0,SWYTGGPKKLR,NDhwkGsiA,3657,tpEt,SWYTGGPKKLR
783,2024-08-16,yLfxDL,3322171.6735085174,NDhwkGsiA,CBY,0,CBY,NDhwkGsiA,7080,yLfxDL,CBY
784,2024-12-06,JMD,1248514.8358024233,yIo,SWYTGGPKKLR,0,SWYTGGPKKLR,yIo,8325,JMD,SWYTGGPKKLR
785,2024-03-06,ZfCsWNBscls,2126869.830747287,NDhwkGsiA,MBzDq,0,MBzDq,NDhwkGsiA,3159,ZfCsWNBscls,MBzDq
786,2024-03-15,JMD,2233846.585882717,yIo,MBzDq,0,MBzDq,yIo,4830,JMD,MBzDq
787,2024-04-12,inUMsiJ,2542893.1624696734,yIo,SWYTGGPKKLR,0,SWYTGGPKKLR,yIo,9313,inUMsiJ,SWYTGGPKKLR
788,2024-07-10,yLfxDL,2048991.5767354476,NDhwkGsiA,CBY,0,CBY,NDhwkGsiA,5368,yLfxDL,CBY
789,2024-09-08,yLfxDL,2154025.269752051,NDhwkGsiA,CBY,0,CBY,NDhwkGsiA,2317,yLfxDL,CBY
790,2024-08-13,yLfxDL,1804175.7162891044,yIo,CBY,0,CBY,yIo,5493,yLfxDL,CBY
791,2024-10-20,JMD,2134563.4706225535,yIo,GRwxQfJQTKBL,0,GRwxQfJQTKBL,yIo,2230,JMD,GRwxQfJQTKBL
792,2024-11-01,inUMsiJ,1828403.8622512948,yIo,SWYTGGPKKLR,0,SWYTGGPKKLR,yIo,2133,inUMsiJ,SWYTGGPKKLR
793,2024-04-07,ZfCsWNBscls,2310785.9449280254,yIo,CBY,0,CBY,yIo,8607,ZfCsWNBscls,CBY
794,2024-12-03,ZfCsWNBscls,1815194.831978183,NDhwkGsiA,MBzDq,0,MBzDq,NDhwkGsiA,2301,ZfCsWNBscls,MBzDq
795,2024-10-12,JMD,2188550.196951093,yIo,myO,0,myO,yIo,2910,JMD,myO
796,2024-11-30,yLfxDL,1985368.5931575107,yIo,myO,0,myO,yIo,9082,yLfxDL,myO
797,2024-12-12,tpEt,2563025.125386084,yIo,CBY,0,CBY,yIo,9107,tpEt,CBY
798,2024-11-03,JMD,1974303.138205757,NDhwkGsiA,myO,0,myO,NDhwkGsiA,8970,JMD,myO
799,2024-09-05,JMD,1113483.7658965592,NDhwkGsiA,myO,0,myO,NDhwkGsiA,2916,JMD,myO
800,2024-06-14,inUMsiJ,2630960.750356996,yIo,GRwxQfJQTKBL,0,GRwxQfJQTKBL,yIo,7996,inUMsiJ,GRwxQfJQTKBL
801,2024-11-30,ZfCsWNBscls,1547133.8495686906,NDhwkGsiA,MBzDq,0,MBzDq,NDhwkGsiA,3757,ZfCsWNBscls,MBzDq
802,2024-01-30,JMD,1673116.83067559,NDhwkGsiA,MBzDq,0,MBzDq,NDhwkGsiA,7464,JMD,MBzDq
803,2024-09-03,JMD,1702169.352978254,NDhwkGsiA,GRwxQfJQTKBL,0,GRwxQfJQTKBL,NDhwkGsiA,1178,JMD,GRwxQfJQTKBL
804,2024-04-15,yLfxDL,2687219.0465854085,yIo,GRwxQfJQTKBL,0,GRwxQfJQTKBL,yIo,7362,yLfxDL,GRwxQfJQTKBL
805,2024-02-20,yLfxDL,932162.8930106522,yIo,myO,0,myO,yIo,9683,yLfxDL,myO
806,2024-03-21,tpEt,3568874.266829997,NDhwkGsiA,SWYTGGPKKLR,0,SWYTGGPKKLR,NDhwkGsiA,1060,tpEt,SWYTGGPKKLR
807,2024-05-12,inUMsiJ,2528028.404533026,yIo,myO,0,myO,yIo,7681,inUMsiJ,myO
808,2024-10-11,tpEt,2111619.4570645797,yIo,GRwxQfJQTKBL,0,GRwxQfJQTKBL,yIo,3895,tpEt,GRwxQfJQTKBL
809,2024-05-17,yLfxDL,1972552.9996918568,NDhwkGsiA,MBzDq,0,MBzDq,NDhwkGsiA,1585,yLfxDL,MBzDq
810,2024-07-02,ZfCsWNBscls,2142777.0374288284,NDhwkGsiA,myO,0,myO,NDhwkGsiA,6823,ZfCsWNBscls,myO
811,2024-11-25,yLfxDL,2260561.214189669,yIo,SWYTGGPKKLR,0,SWYTGGPKKLR,yIo,1534,yLfxDL,SWYTGGPKKLR
812,2024-09-29,inUMsiJ,2322607.7929750285,NDhwkGsiA,myO,0,myO,NDhwkGsiA,4462,inUMsiJ,myO
813,2024-12-05,yLfxDL,2277802.2330017244,yIo,CBY,0,CBY,yIo,5011,yLfxDL,CBY
814,2024-03-09,inUMsiJ,2044790.3406276244,yIo,myO,0,myO,yIo,4398,inUMsiJ,myO
815,2024-02-03,inUMsiJ,1901330.789846337,NDhwkGsiA,GRwxQfJQTKBL,0,GRwxQfJQTKBL,NDhwkGsiA,3155,inUMsiJ,GRwxQfJQTKBL
816,2024-09-18,inUMsiJ,1924363.3581732442,yIo,MBzDq,0,MBzDq,yIo,6966,inUMsiJ,MBzDq
817,2024-02-22,inUMsiJ,1902545.8598236595,yIo,MBzDq,0,MBzDq,yIo,8329,inUMsiJ,MBzDq
818,2024-07-23,inUMsiJ,2566885.048433532,NDhwkGsiA,GRwxQfJQTKBL,0,GRwxQfJQTKBL,NDhwkGsiA,7957,inUMsiJ,GRwxQfJQTKBL
819,2024-05-05,ZfCsWNBscls,2296778.361140431,NDhwkGsiA,CBY,0,CBY,NDhwkGsiA,6325,ZfCsWNBscls,CBY
820,2024-08-22,tpEt,529805.6826678598,NDhwkGsiA,GRwxQfJQTKBL,0,GRwxQfJQTKBL,NDhwkGsiA,9518,tpEt,GRwxQfJQTKBL
821,2024-02-12,JMD,3015108.854360135,yIo,myO,1,myO,yIo,5703,JMD,myO
822,2024-08-27,tpEt,2097368.097359387,NDhwkGsiA,GRwxQfJQTKBL,0,GRwxQfJQTKBL,NDhwkGsiA,3706,tpEt,GRwxQfJQTKBL
823,2024-04-20,inUMsiJ,1990645.6217770514,NDhwkGsiA,GRwxQfJQTKBL,0,GRwxQfJQTKBL,NDhwkGsiA,1001,inUMsiJ,GRwxQfJQTKBL
824,2024-09-05,ZfCsWNBscls,1805740.7734555572,NDhwkGsiA,CBY,0,CBY,NDhwkGsiA,9316,ZfCsWNBscls,CBY
825,2024-05-30,yLfxDL,2562056.3599930066,NDhwkGsiA,myO,0,myO,NDhwkGsiA,2104,yLfxDL,myO
826,2024-07-01,ZfCsWNBscls,2473763.231061429,yIo,SWYTGGPKKLR,0,SWYTGGPKKLR,yIo,2861,ZfCsWNBscls,SWYTGGPKKLR
827,2024-12-01,inUMsiJ,1613561.1660881955,yIo,SWYTGGPKKLR,0,SWYTGGPKKLR,yIo,6269,inUMsiJ,SWYTGGPKKLR
828,2024-04-04,ZfCsWNBscls,2203526.1435622675,NDhwkGsiA,MBzDq,0,MBzDq,NDhwkGsiA,7943,ZfCsWNBscls,MBzDq
829,2024-01-08,ZfCsWNBscls,1514171.632729357,yIo,GRwxQfJQTKBL,0,GRwxQfJQTKBL,yIo,9320,ZfCsWNBscls,GRwxQfJQTKBL
830,2024-12-25,inUMsiJ,1310190.9176055347,NDhwkGsiA,MBzDq,0,MBzDq,NDhwkGsiA,1437,inUMsiJ,MBzDq
831,2024-07-02,ZfCsWNBscls,1686641.3877050173,NDhwkGsiA,CBY,0,CBY,NDhwkGsiA,5846,ZfCsWNBscls,CBY
832,2024-10-07,JMD,2431196.7361913794,yIo,SWYTGGPKKLR,0,SWYTGGPKKLR,yIo,4129,JMD,SWYTGGPKKLR
833,2024-07-13,JMD,2476562.5226880433,yIo,GRwxQfJQTKBL,0,GRwxQfJQTKBL,yIo,9081,JMD,GRwxQfJQTKBL
834,2024-12-17,ZfCsWNBscls,2256542.7100486467,NDhwkGsiA,CBY,0,CBY,NDhwkGsiA,1901,ZfCsWNBscls,CBY
835,2024-07-13,JMD,5278644.08960171,yIo,MBzDq,1,CBY,NDhwkGsiA,6398,yLfxDL,CBY
836,2024-06-03,inUMsiJ,2258089.143557479,yIo,GRwxQfJQTKBL,0,GRwxQfJQTKBL,yIo,7678,inUMsiJ,GRwxQfJQTKBL
837,2024-04-02,JMD,1679259.2023885238,NDhwkGsiA,CBY,0,CBY,NDhwkGsiA,6529,JMD,CBY
838,2024-06-08,yLfxDL,2215961.27233697,yIo,GRwxQfJQTKBL,0,GRwxQfJQTKBL,yIo,7604,yLfxDL,GRwxQfJQTKBL
839,2024-03-01,ZfCsWNBscls,2400204.7626138413,NDhwkGsiA,GRwxQfJQTKBL,0,GRwxQfJQTKBL,NDhwkGsiA,4918,ZfCsWNBscls,GRwxQfJQTKBL
840,2024-05-01,yLfxDL,2377145.664906787,NDhwkGsiA,myO,0,myO,NDhwkGsiA,2067,yLfxDL,myO
841,2024-02-20,tpEt,2594456.6857373216,yIo,MBzDq,0,MBzDq,yIo,1026,tpEt,MBzDq
842,2024-10-03,JMD,2354151.923600532,yIo,CBY,0,CBY,yIo,7937,JMD,CBY
843,2024-01-05,ZfCsWNBscls,2175724.1037707916,yIo,CBY,0,CBY,yIo,8264,ZfCsWNBscls,CBY
844,2024-04-01,inUMsiJ,2535075.119158214,yIo,myO,0,myO,yIo,8118,inUMsiJ,myO
845,2024-06-18,ZfCsWNBscls,1986739.37037547,yIo,myO,0,myO,yIo,1547,ZfCsWNBscls,myO
846,2024-11-12,inUMsiJ,1559062.6743861411,yIo,myO,0,myO,yIo,9758,inUMsiJ,myO
847,2024-01-22,ZfCsWNBscls,1918466.5180281182,yIo,SWYTGGPKKLR,0,SWYTGGPKKLR,yIo,9895,ZfCsWNBscls,SWYTGGPKKLR
848,2024-11-21,yLfxDL,1627548.6775967753,NDhwkGsiA,SWYTGGPKKLR,0,SWYTGGPKKLR,NDhwkGsiA,6338,yLfxDL,SWYTGGPKKLR
849,2024-01-01,yLfxDL,1662410.8625128092,NDhwkGsiA,SWYTGGPKKLR,0,SWYTGGPKKLR,NDhwkGsiA,4140,yLfxDL,SWYTGGPKKLR
850,2024-05-12,yLfxDL,1927740.664642241,NDhwkGsiA,GRwxQfJQTKBL,0,GRwxQfJQTKBL,NDhwkGsiA,8996,yLfxDL,GRwxQfJQTKBL
851,2024-08-20,tpEt,1603790.0395000193,yIo,CBY,0,CBY,yIo,2590,tpEt,CBY
852,2024-01-12,inUMsiJ,1846019.23518048,yIo,MBzDq,0,MBzDq,yIo,8776,inUMsiJ,MBzDq
853,2024-12-11,yLfxDL,1053192.6665231073,yIo,GRwxQfJQTKBL,0,GRwxQfJQTKBL,yIo,5943,yLfxDL,GRwxQfJQTKBL
854,2024-02-15,tpEt,2106646.853686469,NDhwkGsiA,CBY,0,CBY,NDhwkGsiA,9997,tpEt,CBY
855,2024-02-03,inUMsiJ,2000602.737681112,yIo,CBY,0,CBY,yIo,8798,inUMsiJ,CBY
856,2024-03-18,ZfCsWNBscls,1591455.6844659047,yIo,myO,0,myO,yIo,4791,ZfCsWNBscls,myO
857,2024-08-05,tpEt,3622934.215758032,NDhwkGsiA,myO,1,myO,NDhwkGsiA,2357,tpEt,myO
858,2024-10-27,JMD,2468785.0688132793,yIo,GRwxQfJQTKBL,0,GRwxQfJQTKBL,yIo,9092,JMD,GRwxQfJQTKBL
859,2024-03-13,tpEt,1196220.067815513,NDhwkGsiA,myO,0,myO,NDhwkGsiA,4225,tpEt,myO
860,2024-10-08,tpEt,1618637.6107168929,NDhwkGsiA,CBY,0,CBY,NDhwkGsiA,3460,tpEt,CBY
861,2024-09-05,inUMsiJ,1615428.825106351,yIo,myO,0,myO,yIo,9737,inUMsiJ,myO
862,2024-02-16,ZfCsWNBscls,1530048.4494455676,yIo,SWYTGGPKKLR,0,SWYTGGPKKLR,yIo,3728,ZfCsWNBscls,SWYTGGPKKLR
863,2024-04-30,JMD,2414737.420965874,yIo,myO,0,myO,yIo,7726,JMD,myO
864,2024-08-01,yLfxDL,1903086.9306135983,NDhwkGsiA,CBY,0,CBY,NDhwkGsiA,8481,yLfxDL,CBY
865,2024-08-26,yLfxDL,1867742.5793446945,NDhwkGsiA,GRwxQfJQTKBL,0,GRwxQfJQTKBL,NDhwkGsiA,7430,yLfxDL,GRwxQfJQTKBL
866,2024-02-25,tpEt,998068.8177966232,NDhwkGsiA,MBzDq,0,MBzDq,NDhwkGsiA,4114,tpEt,MBzDq
867,2024-12-15,inUMsiJ,2317709.0151046133,yIo,myO,0,myO,yIo,1616,inUMsiJ,myO
868,2024-04-16,inUMsiJ,4187246.662869062,yIo,CBY,1,CBY,yIo,4644,inUMsiJ,CBY
869,2024-11-14,yLfxDL,2029966.3151331642,yIo,MBzDq,0,MBzDq,yIo,7413,yLfxDL,MBzDq
870,2024-02-17,JMD,2138688.468979096,yIo,MBzDq,0,MBzDq,yIo,2203,JMD,MBzDq
871,2024-03-01,ZfCsWNBscls,2680329.2979193255,NDhwkGsiA,SWYTGGPKKLR,0,SWYTGGPKKLR,NDhwkGsiA,3565,ZfCsWNBscls,SWYTGGPKKLR
872,2024-12-02,JMD,1345589.800440444,NDhwkGsiA,MBzDq,0,MBzDq,NDhwkGsiA,4174,JMD,MBzDq
873,2024-01-26,ZfCsWNBscls,490243.92208958743,NDhwkGsiA,CBY,0,CBY,NDhwkGsiA,4081,ZfCsWNBscls,CBY
874,2024-10-18,yLfxDL,2091924.7723768475,NDhwkGsiA,CBY,0,CBY,NDhwkGsiA,3630,yLfxDL,CBY
875,2024-09-13,ZfCsWNBscls,2900255.590755427,yIo,myO,0,myO,yIo,4161,ZfCsWNBscls,myO
876,2024-01-08,inUMsiJ,2619473.1764697186,yIo,myO,0,myO,yIo,5321,inUMsiJ,myO
877,2024-04-22,tpEt,2104829.707637313,yIo,myO,0,myO,yIo,9861,tpEt,myO
878,2024-12-20,tpEt,1754181.9071839764,NDhwkGsiA,MBzDq,0,MBzDq,NDhwkGsiA,7269,tpEt,MBzDq
879,2024-09-09,yLfxDL,2403561.298318655,NDhwkGsiA,MBzDq,0,MBzDq,NDhwkGsiA,8099,yLfxDL,MBzDq
880,2024-06-28,inUMsiJ,1513226.9001477656,yIo,SWYTGGPKKLR,0,SWYTGGPKKLR,yIo,8376,inUMsiJ,SWYTGGPKKLR
881,2024-07-25,JMD,2238178.8846781095,yIo,myO,0,myO,yIo,5078,JMD,myO
882,2024-10-29,inUMsiJ,2252735.0795833133,NDhwkGsiA,GRwxQfJQTKBL,0,GRwxQfJQTKBL,NDhwkGsiA,6801,inUMsiJ,GRwxQfJQTKBL
883,2024-05-06,tpEt,2530104.9537494397,yIo,SWYTGGPKKLR,0,SWYTGGPKKLR,yIo,5151,tpEt,SWYTGGPKKLR
884,2024-02-25,tpEt,3379830.019455539,NDhwkGsiA,GRwxQfJQTKBL,0,GRwxQfJQTKBL,NDhwkGsiA,9911,tpEt,GRwxQfJQTKBL
885,2024-08-01,inUMsiJ,2196207.9835893833,NDhwkGsiA,MBzDq,0,MBzDq,NDhwkGsiA,3600,inUMsiJ,MBzDq
886,2024-01-14,inUMsiJ,1745518.1871462506,NDhwkGsiA,SWYTGGPKKLR,0,SWYTGGPKKLR,NDhwkGsiA,7175,inUMsiJ,SWYTGGPKKLR
887,2024-01-28,tpEt,1987212.8439040028,yIo,SWYTGGPKKLR,0,SWYTGGPKKLR,yIo,1666,tpEt,SWYTGGPKKLR
888,2024-03-18,JMD,1115462.047555441,yIo,CBY,0,CBY,yIo,1283,JMD,CBY
889,2024-08-03,yLfxDL,1652643.4344554709,NDhwkGsiA,MBzDq,0,MBzDq,NDhwkGsiA,6840,yLfxDL,MBzDq
890,2024-12-30,yLfxDL,1795358.780943448,yIo,MBzDq,0,MBzDq,yIo,4565,yLfxDL,MBzDq
891,2024-06-02,inUMsiJ,1737955.8010327038,NDhwkGsiA,SWYTGGPKKLR,0,SWYTGGPKKLR,NDhwkGsiA,5593,inUMsiJ,SWYTGGPKKLR
892,2024-01-14,yLfxDL,2076177.436016861,NDhwkGsiA,MBzDq,0,MBzDq,NDhwkGsiA,2465,yLfxDL,MBzDq
893,2024-07-05,tpEt,1588790.0338088996,NDhwkGsiA,SWYTGGPKKLR,0,SWYTGGPKKLR,NDhwkGsiA,9321,tpEt,SWYTGGPKKLR
894,2024-11-07,tpEt,2560515.3336622356,NDhwkGsiA,CBY,0,CBY,NDhwkGsiA,5734,tpEt,CBY
895,2024-01-07,inUMsiJ,2000103.5324590986,yIo,SWYTGGPKKLR,0,SWYTGGPKKLR,yIo,7257,inUMsiJ,SWYTGGPKKLR
896,2024-01-03,inUMsiJ,1995349.8394306928,NDhwkGsiA,MBzDq,0,MBzDq,NDhwkGsiA,8366,inUMsiJ,MBzDq
897,2024-04-20,inUMsiJ,1836052.641743541,NDhwkGsiA,MBzDq,0,MBzDq,NDhwkGsiA,4672,inUMsiJ,MBzDq
898,2024-08-25,JMD,2077595.3419294895,yIo,SWYTGGPKKLR,0,SWYTGGPKKLR,yIo,8382,JMD,SWYTGGPKKLR
899,2024-12-28,yLfxDL,2412549.1323338174,NDhwkGsiA,SWYTGGPKKLR,0,SWYTGGPKKLR,NDhwkGsiA,7587,yLfxDL,SWYTGGPKKLR
900,2024-08-26,inUMsiJ,1566434.8921445499,NDhwkGsiA,SWYTGGPKKLR,0,SWYTGGPKKLR,NDhwkGsiA,1992,inUMsiJ,SWYTGGPKKLR
901,2024-09-30,ZfCsWNBscls,1670941.7554623717,yIo,myO,0,myO,yIo,7858,ZfCsWNBscls,myO
902,2024-10-20,ZfCsWNBscls,1848136.9856116676,yIo,MBzDq,0,MBzDq,yIo,3121,ZfCsWNBscls,MBzDq
903,2024-08-14,tpEt,1327064.5382633926,yIo,MBzDq,0,MBzDq,yIo,3223,tpEt,MBzDq
904,2024-01-15,yLfxDL,1590371.0701392512,NDhwkGsiA,myO,0,myO,NDhwkGsiA,5522,yLfxDL,myO
905,2024-07-10,inUMsiJ,1761889.5632276705,yIo,SWYTGGPKKLR,0,SWYTGGPKKLR,yIo,4188,inUMsiJ,SWYTGGPKKLR
906,2024-04-28,ZfCsWNBscls,2437194.590356364,yIo,CBY,0,CBY,yIo,4237,ZfCsWNBscls,CBY
907,2024-01-28,yLfxDL,2131280.6645009625,NDhwkGsiA,SWYTGGPKKLR,0,SWYTGGPKKLR,NDhwkGsiA,5136,yLfxDL,SWYTGGPKKLR
908,2024-07-20,tpEt,2096794.9556837722,NDhwkGsiA,SWYTGGPKKLR,0,SWYTGGPKKLR,NDhwkGsiA,1343,tpEt,SWYTGGPKKLR
909,2024-02-08,JMD,2425448.9810839863,NDhwkGsiA,myO,0,myO,NDhwkGsiA,5704,JMD,myO
910,2024-09-29,yLfxDL,1931314.1058003018,NDhwkGsiA,MBzDq,0,MBzDq,NDhwkGsiA,5823,yLfxDL,MBzDq
911,2024-08-18,yLfxDL,2195232.4249644447,NDhwkGsiA,SWYTGGPKKLR,0,SWYTGGPKKLR,NDhwkGsiA,5920,yLfxDL,SWYTGGPKKLR
912,2024-03-26,JMD,1948389.1235337518,yIo,MBzDq,0,MBzDq,yIo,4201,JMD,MBzDq
913,2024-05-05,yLfxDL,2132681.174699814,yIo,GRwxQfJQTKBL,0,GRwxQfJQTKBL,yIo,6471,yLfxDL,GRwxQfJQTKBL
914,2024-10-26,tpEt,1708620.671194209,yIo,MBzDq,0,MBzDq,yIo,1888,tpEt,MBzDq
915,2024-01-25,tpEt,780591.4208617855,NDhwkGsiA,CBY,0,CBY,NDhwkGsiA,8127,tpEt,CBY
916,2024-05-24,JMD,1932860.418906848,NDhwkGsiA,CBY,0,CBY,NDhwkGsiA,4720,JMD,CBY
917,2024-01-13,inUMsiJ,2711374.06804997,NDhwkGsiA,SWYTGGPKKLR,0,SWYTGGPKKLR,NDhwkGsiA,3883,inUMsiJ,SWYTGGPKKLR
918,2024-07-30,ZfCsWNBscls,2463107.701120796,yIo,MBzDq,0,MBzDq,yIo,5212,ZfCsWNBscls,MBzDq
919,2024-01-25,inUMsiJ,2482698.7422955856,yIo,SWYTGGPKKLR,0,SWYTGGPKKLR,yIo,7961,inUMsiJ,SWYTGGPKKLR
920,2024-03-08,yLfxDL,2618065.360903109,NDhwkGsiA,myO,0,myO,NDhwkGsiA,3415,yLfxDL,myO
921,2024-03-07,ZfCsWNBscls,2044328.7954807188,yIo,CBY,0,CBY,yIo,4001,ZfCsWNBscls,CBY
922,2024-08-20,JMD,2098657.853702798,NDhwkGsiA,SWYTGGPKKLR,0,SWYTGGPKKLR,NDhwkGsiA,2738,JMD,SWYTGGPKKLR
923,2024-04-18,JMD,1691174.0522828249,yIo,myO,0,myO,yIo,2364,JMD,myO
924,2024-05-25,ZfCsWNBscls,1841963.571986475,yIo,SWYTGGPKKLR,0,SWYTGGPKKLR,yIo,3708,ZfCsWNBscls,SWYTGGPKKLR
925,2024-04-20,tpEt,2307885.574885571,yIo,MBzDq,0,MBzDq,yIo,1924,tpEt,MBzDq
926,2024-08-15,ZfCsWNBscls,2601942.218584408,NDhwkGsiA,MBzDq,0,MBzDq,NDhwkGsiA,1151,ZfCsWNBscls,MBzDq
927,2024-04-20,yLfxDL,1930276.8621595001,yIo,MBzDq,0,MBzDq,yIo,9777,yLfxDL,MBzDq
928,2024-02-03,tpEt,1774905.367574294,yIo,MBzDq,0,MBzDq,yIo,9044,tpEt,MBzDq
929,2024-04-20,JMD,2000263.9794282985,NDhwkGsiA,GRwxQfJQTKBL,0,GRwxQfJQTKBL,NDhwkGsiA,1912,JMD,GRwxQfJQTKBL
930,2024-09-20,ZfCsWNBscls,2300603.3744645575,yIo,myO,0,myO,yIo,3321,ZfCsWNBscls,myO
931,2024-08-23,inUMsiJ,1278072.591933229,NDhwkGsiA,myO,0,myO,NDhwkGsiA,1495,inUMsiJ,myO
932,2024-03-23,inUMsiJ,2347853.3074877886,NDhwkGsiA,MBzDq,1,MBzDq,NDhwkGsiA,3148,inUMsiJ,MBzDq
933,2024-02-11,yLfxDL,1724731.5752542082,NDhwkGsiA,GRwxQfJQTKBL,0,GRwxQfJQTKBL,NDhwkGsiA,1556,yLfxDL,GRwxQfJQTKBL
934,2024-04-10,inUMsiJ,1389643.7870429207,NDhwkGsiA,MBzDq,0,MBzDq,NDhwkGsiA,2552,inUMsiJ,MBzDq
935,2024-01-06,ZfCsWNBscls,1745929.9011763446,NDhwkGsiA,GRwxQfJQTKBL,0,GRwxQfJQTKBL,NDhwkGsiA,3120,ZfCsWNBscls,GRwxQfJQTKBL
936,2024-06-28,ZfCsWNBscls,1926109.8405912642,yIo,MBzDq,0,MBzDq,yIo,4085,ZfCsWNBscls,MBzDq
937,2024-10-08,inUMsiJ,1773375.7954884933,NDhwkGsiA,CBY,0,CBY,NDhwkGsiA,4504,inUMsiJ,CBY
938,2024-11-15,ZfCsWNBscls,2726233.7672353727,NDhwkGsiA,CBY,0,CBY,NDhwkGsiA,1156,ZfCsWNBscls,CBY
939,2024-08-13,yLfxDL,2163372.38230116,NDhwkGsiA,SWYTGGPKKLR,0,SWYTGGPKKLR,NDhwkGsiA,9926,yLfxDL,SWYTGGPKKLR
940,2024-11-10,tpEt,2150237.1798054143,NDhwkGsiA,MBzDq,0,MBzDq,NDhwkGsiA,8505,tpEt,MBzDq
941,2024-12-30,yLfxDL,2311103.572021701,yIo,myO,0,myO,yIo,8162,yLfxDL,myO
942,2024-08-16,yLfxDL,1430583.4411096154,NDhwkGsiA,SWYTGGPKKLR,0,SWYTGGPKKLR,NDhwkGsiA,6523,yLfxDL,SWYTGGPKKLR
943,2024-10-15,ZfCsWNBscls,2519555.8937101346,yIo,CBY,0,CBY,yIo,8543,ZfCsWNBscls,CBY
944,2024-05-29,tpEt,1962117.85673227,NDhwkGsiA,MBzDq,0,MBzDq,NDhwkGsiA,9055,tpEt,MBzDq
945,2024-10-03,ZfCsWNBscls,2335240.308620606,yIo,SWYTGGPKKLR,0,SWYTGGPKKLR,yIo,5654,ZfCsWNBscls,SWYTGGPKKLR
946,2024-07-16,JMD,1464071.3834799223,NDhwkGsiA,MBzDq,0,MBzDq,NDhwkGsiA,7250,JMD,MBzDq
947,2024-03-10,ZfCsWNBscls,1223120.616991968,NDhwkGsiA,CBY,0,CBY,NDhwkGsiA,8246,ZfCsWNBscls,CBY
948,2024-04-21,ZfCsWNBscls,2408944.829012514,yIo,SWYTGGPKKLR,0,SWYTGGPKKLR,yIo,1154,ZfCsWNBscls,SWYTGGPKKLR
949,2024-01-04,ZfCsWNBscls,2188204.7630487583,NDhwkGsiA,CBY,0,CBY,NDhwkGsiA,8950,ZfCsWNBscls,CBY
950,2024-12-15,tpEt,1548974.2228212447,yIo,GRwxQfJQTKBL,0,GRwxQfJQTKBL,yIo,1996,tpEt,GRwxQfJQTKBL
951,2024-11-26,ZfCsWNBscls,1565168.4593626529,NDhwkGsiA,CBY,0,CBY,NDhwkGsiA,5626,ZfCsWNBscls,CBY
952,2024-11-13,tpEt,2562717.3922073846,yIo,MBzDq,0,MBzDq,yIo,3905,tpEt,MBzDq
953,2024-12-15,inUMsiJ,1405294.0535663362,NDhwkGsiA,myO,0,myO,NDhwkGsiA,1153,inUMsiJ,myO
954,2024-04-04,JMD,2821336.4766279818,NDhwkGsiA,CBY,0,CBY,NDhwkGsiA,8853,JMD,CBY
955,2024-05-31,tpEt,1549689.6326760657,yIo,myO,0,myO,yIo,7481,tpEt,myO
956,2024-11-06,inUMsiJ,2319195.9628041917,NDhwkGsiA,GRwxQfJQTKBL,0,GRwxQfJQTKBL,NDhwkGsiA,6599,inUMsiJ,GRwxQfJQTKBL
957,2024-05-16,tpEt,1835690.7621255077,NDhwkGsiA,SWYTGGPKKLR,0,SWYTGGPKKLR,NDhwkGsiA,2716,tpEt,SWYTGGPKKLR
958,2024-09-03,tpEt,2301593.7155411714,NDhwkGsiA,SWYTGGPKKLR,0,SWYTGGPKKLR,NDhwkGsiA,1786,tpEt,SWYTGGPKKLR
959,2024-08-30,JMD,1727942.9989429037,NDhwkGsiA,myO,0,myO,NDhwkGsiA,5368,JMD,myO
960,2024-01-31,yLfxDL,1918603.5469638528,NDhwkGsiA,SWYTGGPKKLR,0,SWYTGGPKKLR,NDhwkGsiA,9096,yLfxDL,SWYTGGPKKLR
961,2024-02-09,yLfxDL,2020459.5876978606,NDhwkGsiA,CBY,0,CBY,NDhwkGsiA,5272,yLfxDL,CBY
962,2024-08-16,tpEt,1498906.2721092636,yIo,myO,0,myO,yIo,4767,tpEt,myO
963,2024-02-05,ZfCsWNBscls,2370412.172710063,yIo,MBzDq,0,MBzDq,yIo,9834,ZfCsWNBscls,MBzDq
964,2024-08-10,inUMsiJ,1743393.2167642075,yIo,CBY,0,CBY,yIo,6994,inUMsiJ,CBY
965,2024-01-06,ZfCsWNBscls,1885700.0423299908,NDhwkGsiA,CBY,0,CBY,NDhwkGsiA,8216,ZfCsWNBscls,CBY
966,2024-11-17,ZfCsWNBscls,1502825.312695744,yIo,CBY,0,CBY,yIo,9857,ZfCsWNBscls,CBY
967,2024-08-07,tpEt,718833.1706023447,NDhwkGsiA,MBzDq,0,MBzDq,NDhwkGsiA,4426,tpEt,MBzDq
968,2024-03-15,tpEt,1904486.1186999155,NDhwkGsiA,GRwxQfJQTKBL,0,GRwxQfJQTKBL,NDhwkGsiA,4783,tpEt,GRwxQfJQTKBL
969,2024-01-04,tpEt,3206307.7108064583,NDhwkGsiA,SWYTGGPKKLR,0,SWYTGGPKKLR,NDhwkGsiA,6427,tpEt,SWYTGGPKKLR
970,2024-11-30,tpEt,2392302.143949012,NDhwkGsiA,myO,0,myO,NDhwkGsiA,8011,tpEt,myO
971,2024-05-13,yLfxDL,1990369.8101328027,yIo,GRwxQfJQTKBL,0,GRwxQfJQTKBL,yIo,9052,yLfxDL,GRwxQfJQTKBL
972,2024-04-27,tpEt,1868554.585395866,NDhwkGsiA,myO,0,myO,NDhwkGsiA,4701,tpEt,myO
973,2024-04-03,yLfxDL,2011232.946406023,yIo,SWYTGGPKKLR,0,SWYTGGPKKLR,yIo,3349,yLfxDL,SWYTGGPKKLR
974,2024-03-02,yLfxDL,2273559.557587605,NDhwkGsiA,MBzDq,0,MBzDq,NDhwkGsiA,8011,yLfxDL,MBzDq
975,2024-07-12,tpEt,1409593.5923455777,yIo,CBY,0,CBY,yIo,8055,tpEt,CBY
976,2024-11-30,JMD,2557160.847334436,yIo,CBY,0,CBY,yIo,2212,JMD,CBY
977,2024-07-21,inUMsiJ,2357690.657720622,yIo,MBzDq,0,MBzDq,yIo,7965,inUMsiJ,MBzDq
978,2024-01-26,ZfCsWNBscls,2359092.862853967,yIo,GRwxQfJQTKBL,0,GRwxQfJQTKBL,yIo,7704,ZfCsWNBscls,GRwxQfJQTKBL
979,2024-06-21,yLfxDL,2219237.8694048636,yIo,GRwxQfJQTKBL,0,GRwxQfJQTKBL,yIo,8433,yLfxDL,GRwxQfJQTKBL
980,2024-10-26,inUMsiJ,2009808.328846995,yIo,myO,0,myO,yIo,3511,inUMsiJ,myO
981,2024-05-12,JMD,2336430.61798341,NDhwkGsiA,MBzDq,0,MBzDq,NDhwkGsiA,1143,JMD,MBzDq
982,2024-11-21,ZfCsWNBscls,2295907.066870689,yIo,GRwxQfJQTKBL,0,GRwxQfJQTKBL,yIo,8367,ZfCsWNBscls,GRwxQfJQTKBL
983,2024-04-27,ZfCsWNBscls,1822979.6445294882,NDhwkGsiA,MBzDq,0,MBzDq,NDhwkGsiA,4228,ZfCsWNBscls,MBzDq
984,2024-11-19,yLfxDL,1713199.1135515496,yIo,SWYTGGPKKLR,0,SWYTGGPKKLR,yIo,5582,yLfxDL,SWYTGGPKKLR
985,2024-10-01,tpEt,1999171.9120277315,NDhwkGsiA,CBY,1,CBY,NDhwkGsiA,7031,tpEt,CBY
986,2024-07-30,JMD,2774510.075747594,yIo,CBY,0,CBY,yIo,5243,JMD,CBY
987,2024-08-12,yLfxDL,1380446.4621730496,yIo,CBY,0,CBY,yIo,3713,yLfxDL,CBY
988,2024-01-20,JMD,1266237.3671237798,NDhwkGsiA,MBzDq,0,MBzDq,NDhwkGsiA,5185,JMD,MBzDq
989,2024-04-22,tpEt,2082380.4206182584,yIo,MBzDq,0,MBzDq,yIo,8328,tpEt,MBzDq
990,2024-05-19,tpEt,2025443.850928009,yIo,myO,0,myO,yIo,5633,tpEt,myO
991,2024-02-16,yLfxDL,2086670.8321852041,yIo,CBY,0,CBY,yIo,4192,yLfxDL,CBY
992,2024-01-01,tpEt,2121976.59895425,NDhwkGsiA,myO,0,myO,NDhwkGsiA,1300,tpEt,myO
993,2024-03-30,inUMsiJ,1888398.8726825975,yIo,CBY,0,CBY,yIo,1723,inUMsiJ,CBY
994,2024-05-21,ZfCsWNBscls,2744931.719301041,NDhwkGsiA,myO,0,myO,NDhwkGsiA,6694,ZfCsWNBscls,myO
995,2024-11-15,yLfxDL,1199548.0107617422,yIo,myO,0,myO,yIo,4010,yLfxDL,myO
996,2024-02-07,JMD,1585751.487609877,yIo,SWYTGGPKKLR,0,SWYTGGPKKLR,yIo,6555,JMD,SWYTGGPKKLR
997,2024-10-19,inUMsiJ,1948372.6199254764,NDhwkGsiA,myO,0,myO,NDhwkGsiA,1067,inUMsiJ,myO
998,2024-05-18,yLfxDL,1178405.5944229164,yIo,MBzDq,0,MBzDq,yIo,3506,yLfxDL,MBzDq
999,2024-12-21,tpEt,1912072.7977839643,yIo,myO,0,myO,yIo,2537,tpEt,myO
1000,2024-11-28,tpEt,2830735.082864009,NDhwkGsiA,CBY,0,CBY,NDhwkGsiA,1397,tpEt,CBY
